ID,x,y
1,0.239,2.195
2,0.946,2.278
3,1.147,2.453
4,-0.223,1.772
5,1.342,2.715
6,0.121,2.153
7,0.708,2.023
8,0.871,2.212
9,-0.274,1.744
10,0.35,2.069
11,-0.159,2.086
12,-0.535,1.446
13,-0.598,1.624
14,-0.505,1.284
15,-0.011,-1.455
16,0.126,-1.849
17,0.508,-2.221
18,0.408,-2.112
19,1.321,2.641
20,1.565,2.937
21,1.864,3.227
22,2.133,3.508
23,0.966,-2.466
24,3.753,-4.819
25,2.065,-2.767
26,4.261,-5.245
27,1.83,3.187
28,2.139,3.519
29,2.47,3.851
30,2.823,4.207
31,3.014,4.337
32,2.531,3.918
33,9.334,-6.266
34,9.064,-6.579
35,8.565,-7.091
36,8.993,-6.992
37,2.456,-3.147
38,8.206,-7.488
39,8.515,-7.143
40,7.847,-7.887
41,8.698,-7.192
42,8.178,-7.508
43,7.817,-7.898
44,7.373,-8.376
45,7.894,-7.851
46,7.424,-8.337
47,6.935,-8.878
48,7.474,-8.256
49,7.125,-8.666
50,2.47,3.85
51,2.82,4.197
52,3.436,4.944
53,3.276,4.772
54,3.164,4.091
55,3.56,4.442
56,3.921,4.762
57,3.907,4.771
58,4.334,4.519
59,4.617,4.244
60,4.959,3.92
61,5.554,3.245
62,5.918,2.902
63,11.059,-4.451
64,11.054,-4.435
65,10.733,-4.789
66,10.707,-4.8
67,11.425,-5.476
68,10.284,-5.26
69,11.46,-5.424
70,10.569,-4.826
71,11.448,-5.429
72,10.401,-5.262
73,13.506,-6.883
74,13.273,-6.622
75,13.073,-6.994
76,13.621,-6.989
77,9.973,-5.714
78,13.682,-7.621
79,13.073,-6.987
80,15.747,-8.942
81,9.574,-6.015
82,13.7,-7.568
83,15.741,-8.93
84,15.277,-9.086
85,9.546,-6.026
86,17.776,-10.768
87,15.28,-9.059
88,17.755,-10.793
89,9.138,-6.498
90,27.403,-19.727
91,27.05,-19.924
92,26.631,-20.513
93,24.974,-22.332
94,24.425,-22.934
95,3.896,4.785
96,4.196,4.487
97,4.414,4.414
98,4.622,4.232
99,4.838,4.046
100,5.08,3.966
101,5.133,3.628
102,5.247,3.493
103,5.477,3.296
104,5.635,3.141
105,6.032,2.763
106,6.379,2.591
107,6.688,2.285
108,7.361,1.532
109,8.531,-0.163
110,15.978,-9.244
111,25.056,-22.218
112,-1.335,0.175
113,-1.197,0.661
114,-0.963,-0.783
115,-1.095,-0.655
116,-0.961,-0.272
117,-1.338,-0.199
118,-1.327,-0.195
119,-1.466,0.293
120,-1.35,0.313
121,-1.096,0.593
122,-0.956,0.965
123,-0.957,1.175
124,-0.558,-1.2
125,-0.618,-1.106
126,-0.957,-0.796
127,24.644,-22.72
128,10.141,-1.082
129,9.266,-0.289
130,4.078,-5.037
131,27.369,-19.75
132,26.332,-20.881
133,24.754,-22.57
134,6.77,-9.098
135,16.021,-9.215
136,3.38,4.24
137,4.061,-4.973
138,5.87,2.975
139,6.336,2.667
140,6.611,2.43
141,7.134,2.299
142,6.992,1.949
143,7.262,1.674
144,7.698,1.366
145,8.121,1.252
146,8.532,0.962
147,8.499,0.547
148,8.457,0.254
149,9.851,-0.352
150,18.142,-11.106
151,26.547,-19.983
152,25.098,-22.238
153,3.136,-6.012
154,7.274,2.349
155,6.988,1.943
156,7.345,1.604
157,8.303,1.218
158,9.676,-0.524
159,10.005,-0.861
160,10.007,-0.864
161,10.259,-1.103
162,18.311,-11.262
163,26.555,-19.988
164,24.285,-23.11
165,7.211,2.321
166,8.387,0.755
167,10.376,-1.203
168,6.746,2.307
169,8.523,-0.129
170,26.152,-21.072
171,35.07,-28.5
172,-0.226,-1.488
173,-0.039,-1.632
174,-0.429,-1.28
175,0.268,-1.932
176,0.619,-2.248
177,1.245,-2.832
178,1.567,-3.132
179,1.004,-2.608
180,1.875,-3.419
181,1.63,-3.221
182,2.025,-3.557
183,2.355,-3.868
184,2.714,-4.198
185,2.318,-3.837
186,2.691,-4.175
187,3.156,-4.609
188,3.548,-4.972
189,3.241,-4.686
190,23.73,-23.696
191,43.325,-35.822
192,26.061,-21.172
193,26.451,-20.765
194,20.025,-12.858
195,19.992,-12.894
196,18.515,-11.538
197,10.966,-4.526
198,10.564,-1.421
199,8.483,0.289
200,43.346,-35.94
201,18.538,-11.547
202,10.581,-1.42
203,1.243,-2.824
204,0.934,-2.505
205,3.539,-4.948
206,1.989,-3.523
207,10.739,-1.537
208,18.773,-11.751
209,20.881,-13.633
210,22.355,-14.812
211,23.143,-15.723
212,24.555,-16.903
213,25.276,-17.693
214,26.791,-18.973
215,23.079,-24.422
216,22.587,-24.937
217,22.564,-24.979
218,11.573,-2.018
219,10.921,-1.729
220,11.943,-2.146
221,11.199,-1.861
222,26.751,-19.031
223,67.35,-61.94
224,23.008,-24.497
225,11.242,-1.861
226,6.332,-9.537
227,6.405,-9.443
228,21.645,-25.926
229,23.445,-23.965
230,11.728,-2.481
231,22.147,-25.394
232,22.721,-15.404
233,20.392,-13.247
234,20.418,-13.297
235,11.787,-2.522
236,11.865,-2.592
237,23.986,-23.431
238,26.908,-20.093
239,24.509,-17.056
240,26.733,-19.103
241,25.259,-17.781
242,22.262,-14.914
243,24.505,-17.047
244,22.66,-15.338
245,3.109,4.624
246,6.168,-9.737
247,2.988,-4.497
248,12.096,-2.821
249,11.633,-2.95
250,12.334,-3.032
251,11.612,-2.998
252,42.786,-39.419
253,23.362,-24.102
254,22.605,-24.895
255,21.224,-26.402
256,21.229,-26.417
257,20.828,-26.827
258,20.437,-27.255
259,6.035,-9.833
260,22.195,-25.336
261,21.81,-25.76
262,21.339,-26.286
263,20.941,-26.706
264,20.626,-27.063
265,12.127,-2.827
266,42.325,-39.202
267,5.691,-10.227
268,5.694,-10.205
269,5.666,-10.222
270,11.389,-3.446
271,19.272,-28.511
272,19.614,-28.14
273,19.949,-27.777
274,11.296,-3.453
275,11.811,-3.617
276,19.34,-28.47
277,20.261,-27.491
278,5.363,-10.572
279,5.372,-10.562
280,11.451,-3.949
281,11.461,-4.02
282,20.106,-27.62
283,18.893,-28.185
284,17.334,-26.77
285,18.863,-28.137
286,18.792,-28.074
287,18.017,-27.697
288,17.284,-26.687
289,16.875,-26.334
290,18.481,-28.02
291,19.93,-27.836
292,54.515,-49.944
293,46.925,-43.31
294,54.388,-50.106
295,23.419,-23.993
296,26.609,-20.578
297,22.258,-15.006
298,13.931,-7.202
299,71.406,-63.18
300,70.979,-63.62
301,23.062,-15.677
302,45.006,-37.619
303,54.928,-46.829
304,24.031,-23.342
305,9.272,-0.217
306,71.884,-62.596
307,60.049,-51.661
308,60.158,-51.538
309,71.661,-62.854
310,9.382,-0.105
311,71.272,-63.276
312,70.467,-64.142
313,2.472,4.486
314,20.902,-13.644
315,23.148,-15.725
316,22.762,-15.345
317,2.432,-4.13
318,5.301,-10.658
319,4.333,-5.364
320,25.203,-17.826
321,10.009,-5.644
322,-1.73,0.52
323,4.946,-11.048
324,4.651,-11.381
325,5.045,-10.927
326,5.003,-10.969
327,4.735,-11.259
328,16.985,-26.35
329,16.997,-26.371
330,16.44,-25.832
331,16.408,-25.81
332,4.511,-11.525
333,4.329,-5.355
334,3.603,-14.109
335,3.961,-12.146
336,3.571,-14.062
337,4.015,-12.133
338,4.303,-11.682
339,3.661,-12.513
340,3.832,-14.288
341,14.001,-23.87
342,14.518,-24.107
343,14.448,-24.079
344,14.962,-24.527
345,14.879,-24.454
346,15.151,-24.709
347,11.918,-3.496
348,14.125,-23.76
349,17.898,-27.068
350,3.906,-14.348
351,33.253,-30.48
352,42.815,-39.406
353,50.545,-46.793
354,70.037,-64.596
355,-0.175,-1.953
356,18.772,-11.73
357,44.855,-37.774
358,46.812,-39.183
359,26.416,-20.145
360,56.942,-48.221
361,15.57,-8.65
362,55.007,-46.359
363,11.973,-5.465
364,11.919,-5.441
365,11.96,-5.467
366,41.316,-34.062
367,55.076,-46.573
368,22.962,-24.56
369,11.906,-1.918
370,11.775,-1.869
371,3.577,-12.508
372,3.252,-13.712
373,3.123,-13.086
374,3.312,-12.908
375,2.978,-13.164
376,3.264,-13.706
377,2.583,-12.93
378,3.161,-13.068
379,2.655,-12.843
380,2.285,-13.792
381,2.132,-14.066
382,2.286,-13.783
383,-0.731,-11.426
384,1.504,-8.422
385,-0.745,-11.448
386,1.555,-8.266
387,1.548,-8.315
388,0.773,-13.179
389,1.18,-13.301
390,1.558,-13.54
391,1.351,-13.349
392,1.706,-13.682
393,1.591,-13.568
394,0.242,-12.709
395,15.785,-25.248
396,24.829,-17.302
397,9.074,0.234
398,16.19,-9.35
399,3.302,-5.852
400,3.612,-5.514
401,3.654,-5.472
402,3.434,-5.718
403,3.724,-5.411
404,-0.034,-12.07
405,-0.033,-12.101
406,-0.38,-11.754
407,-0.742,-11.435
408,18.405,-28.053
409,15.845,-25.236
410,-0.33,-11.808
411,9.141,0.281
412,9.616,0.261
413,13.107,-22.715
414,8.92,0.117
415,12.939,-22.641
416,12.772,-22.514
417,11.411,-1.629
418,11.312,-21.539
419,11.742,-21.816
420,11.768,-21.765
421,12.204,-22.022
422,12.261,-22.056
423,13.502,-23.221
424,11.274,-21.128
425,14.712,-24.277
426,2.633,-6.575
427,2.255,-6.981
428,2.809,-13.333
429,0.638,-13.09
430,0.319,-12.766
431,10.97,-21.169
432,10.682,-20.588
433,10.503,-20.408
434,10.572,-20.472
435,10.268,-20.193
436,10.097,-20.033
437,10.177,-20.122
438,9.877,-19.825
439,9.71,-19.688
440,9.792,-19.767
441,15.963,-25.805
442,12.55,-22.308
443,11.349,-1.494
444,16.521,-25.942
445,15.819,-25.235
446,9.062,-19.062
447,8.861,-18.983
448,4.143,-5.652
449,2.526,-6.678
450,2.532,-6.656
451,2.223,-6.992
452,2.039,-7.208
453,1.863,-7.384
454,1.65,-7.612
455,1.513,-7.767
456,1.061,-8.26
457,0.043,-9.331
458,-0.175,-9.572
459,-0.482,-9.902
460,-1.117,-10.586
461,13.378,-23.078
462,1.096,-8.211
463,-0.216,-9.635
464,-0.649,-10.099
465,-1.034,-10.518
466,-1.011,-10.483
467,-1.275,-10.77
468,-1.16,-11.026
469,13.564,-6.326
470,13.546,-6.38
471,3.067,-6.079
472,8.721,-18.744
473,13.01,-6.115
474,8.999,-19.401
475,20.878,-26.784
476,11.493,-5.016
477,8.556,-18.591
478,8.5,-18.492
479,13.198,-23.214
480,11.315,-21.062
481,9.435,-19.798
482,2.614,-13.521
483,2.842,-6.334
484,12.591,-22.352
485,0.174,-9.204
486,0.387,-8.967
487,43.785,-36.364
488,21.857,-25.775
489,0.409,-8.964
490,11.321,-4.899
491,11.239,-4.915
492,12.657,-5.764
493,19.817,-12.378
494,-0.226,-12.712
495,35.096,-28.503
496,36.272,-29.626
497,33.91,-27.6
498,26.972,-19.375
499,21.01,-13.84
500,18.09,-10.486
501,15.857,-8.369
502,20.244,-12.638
503,20.343,-12.497
504,17.517,-10.258
505,18.058,-10.502
506,16.572,-9.719
507,16.582,-9.734
508,15.827,-8.403
509,15.282,-8.195
510,15.898,-8.35
511,14.129,-7.471
512,22.015,-14.43
513,17.209,-9.974
514,0.604,-8.747
515,0.544,-8.81
516,-0.186,-12.47
517,2.451,-14.385
518,0.787,-8.554
519,0.756,-8.577
520,-0.256,-12.713
521,7.356,-17.565
522,5.968,-16.245
523,7.97,-18.068
524,7.589,-17.743
525,6.344,-16.482
526,5.908,-16.188
527,5.462,-15.785
528,5.096,-15.336
529,4.692,-15.04
530,4.524,-14.835
531,5.488,-15.819
532,5.158,-15.42
533,4.839,-15.113
534,4.32,-14.678
535,4.48,-14.785
536,4.106,-14.426
537,4.074,-14.819
538,6.943,-17.049
539,6.322,-16.482
540,6.804,-16.904
541,5.573,-15.886
542,4.962,-15.653
543,12.981,-6.007
544,15.206,-8.115
545,34.103,-27.567
546,13.061,-6.142
547,18.033,-27.361
548,71.969,-62.628
549,38.508,-31.404
550,27.011,-19.383
551,8.1,-18.216
552,7.732,-17.88
553,7.33,-17.551
554,6.068,-16.38
555,7.048,-17.258
556,2.117,3.813
557,13.218,-7.323
558,34.28,-31.64
559,28.837,-26.202
560,36.118,-33.486
561,35.764,-32.928
562,62.043,-57.261
563,57.478,-52.98
564,52.318,-48.227
565,53.027,-49.034
566,49.468,-45.67
567,48.351,-44.65
568,41.695,-38.54
569,9.23,-6.75
570,36.322,-33.674
571,33.292,-30.647
572,32.614,-30.242
573,32.016,-29.688
574,41.891,-38.821
575,6.93,-9.233
576,67.255,-62.032
577,63.997,-59.169
578,4.431,-11.957
579,7.24,-8.913
580,46.91,-43.337
581,6.789,-16.963
582,6.764,-9.428
583,48.509,-44.86
584,33.161,-30.59
585,30.437,-27.948
586,42.836,-39.401
587,9.284,-19.269
588,13.118,-22.812
589,13.689,-23.339
590,5.236,-11.065
591,4.645,-15.374
592,6.193,-10.046
593,6.51,-16.668
594,59.578,-54.958
595,17.706,-26.953
596,56.835,-48.315
597,52.773,-44.622
598,51.854,-43.683
599,36.784,-29.988
600,36.357,-29.496
601,31.4,-24.93
602,33.033,-26.302
603,33.598,-26.826
604,34.195,-27.379
605,19.359,-11.977
606,37.404,-30.539
607,39.17,-32.17
608,44.602,-37.076
609,14.761,-7.707
610,22.58,-14.544
611,24.825,-16.629
612,24.249,-16.432
613,32.385,-25.77
614,31.395,-25.017
615,32.478,-25.872
616,30.841,-24.346
617,26.25,-21.371
618,26.513,-18.554
619,24.904,-17.407
620,24.825,-16.645
621,17.798,-27.076
622,32.586,-25.919
623,30.634,-24.106
624,22.621,-14.564
625,21.629,-14.044
626,30.962,-24.453
627,12.295,-5.421
628,12.369,-5.445
629,34.936,-28.077
630,27.103,-18.645
631,34.689,-27.822
632,30.182,-23.626
633,35.986,-28.948
634,33.795,-26.973
635,15.604,-25.015
636,30.259,-23.774
637,15.447,-24.895
638,14.271,-7.668
639,33.155,-26.454
640,33.568,-26.831
641,14.321,-7.655
642,33.312,-26.555
643,31.409,-24.939
644,26.305,-18.429
645,32.131,-25.546
646,32.082,-25.517
647,22.146,-25.455
648,29.663,-23.217
649,27.039,-18.699
650,23.855,-16.103
651,29.598,-23.172
652,10.996,-20.798
653,29.523,-23.147
654,30.049,-23.594
655,29.22,-22.789
656,13.777,-23.433
657,29.138,-22.772
658,26.087,-18.168
659,14.663,-7.286
660,14.676,-7.265
661,14.659,-7.27
662,8.45,-18.884
663,11.568,-21.35
664,8.279,-18.721
665,19.07,-11.611
666,16.925,-9.346
667,16.912,-9.349
668,16.927,-9.349
669,25.528,-22.144
670,28.8,-22.389
671,28.771,-22.365
672,28.806,-22.416
673,19.153,-11.407
674,16.061,-25.513
675,15.264,-25.194
676,19.164,-11.391
677,25.653,-17.996
678,9.505,-19.412
679,36.174,-29.167
680,36.855,-29.922
681,38.363,-31.301
682,39.578,-32.402
683,40.504,-33.319
684,41.797,-34.525
685,42.663,-35.314
686,43.78,-36.306
687,45.605,-37.861
688,51.901,-43.631
689,37.794,-30.908
690,39.942,-32.801
691,50.636,-42.524
692,45.606,-37.875
693,59.756,-51.069
694,38.812,-31.882
695,40.792,-33.762
696,40.063,-33.082
697,21.439,-13.424
698,37.486,-30.556
699,21.406,-13.463
700,21.401,-13.487
701,42.396,-34.983
702,71.568,-62.97
703,36.71,-29.862
704,70.614,-64.034
705,45.957,-38.228
706,34.566,-27.735
707,32.799,-26.071
708,53.54,-45.148
709,35.196,-28.343
710,55.486,-46.935
711,55.829,-47.255
712,52.889,-44.481
713,42.21,-35.042
714,43.042,-35.807
715,71.065,-63.52
716,31.185,-24.649
717,32.826,-26.161
718,18.377,-27.604
719,18.366,-27.576
720,51.822,-43.713
721,54.814,-46.98
722,23.612,-15.599
723,23.633,-15.565
724,37.986,-30.955
725,50.958,-42.85
726,51.996,-47.984
727,35.099,-32.505
728,32.51,-30.144
729,33.695,-31.027
730,36.02,-33.291
731,41.157,-34.083
732,50.875,-47.17
733,54.815,-47.031
734,34.581,-28.083
735,31.047,-28.692
736,31.369,-29.109
737,31.217,-28.958
738,31.654,-29.336
739,32.152,-29.828
740,30.442,-28.149
741,52.743,-44.658
742,29.994,-27.754
743,42.807,-35.489
744,28.439,-22.079
745,28.997,-26.735
746,30.008,-27.721
747,29.182,-26.921
748,57.453,-53.052
749,38.629,-31.682
750,28.436,-22.088
751,25.752,-17.81
752,25.768,-17.806
753,28.897,-26.706
754,28.561,-26.491
755,28.494,-26.431
756,28.19,-26.137
757,28.143,-26.097
758,53.218,-49.195
759,55.875,-47.477
760,53.17,-44.972
761,27.78,-25.772
762,68.42,-63.025
763,70.242,-64.389
764,36.296,-33.632
765,45.913,-38.245
766,40.412,-32.947
767,27.47,-25.505
768,55.359,-51.199
769,44.188,-36.64
770,55.1,-50.962
771,27.208,-25.247
772,61.314,-56.634
773,60.097,-55.521
774,58.924,-54.444
775,50.973,-47.053
776,49.687,-45.923
777,26.89,-24.96
778,27.191,-25.238
779,27.389,-25.419
780,27.025,-25.083
781,35.565,-32.927
782,27.818,-25.811
783,26.745,-24.825
784,29.334,-27.114
785,27.759,-25.766
786,26.438,-24.552
787,26.634,-24.719
788,39.745,-32.721
789,52.693,-48.668
790,48.715,-45.025
791,42.288,-39.124
792,42.183,-39.046
793,33.635,-30.967
794,34.402,-31.881
795,29.788,-27.328
796,29.597,-27.448
797,26.315,-24.433
798,26.239,-24.343
799,28.153,-21.506
800,45.277,-38.151
801,53.752,-45.445
802,26.067,-24.205
803,18.438,-27.658
804,27.714,-21.429
805,28.039,-21.728
806,47.862,-44.188
807,25.942,-24.067
808,27.625,-21.361
809,27.943,-21.666
810,53.779,-49.714
811,49.118,-45.435
812,25.679,-23.842
813,27.537,-21.274
814,27.861,-21.571
815,28.349,-22.033
816,52.758,-48.709
817,30.686,-28.4
818,25.876,-17.616
819,36.036,-29.103
820,49.543,-45.77
821,43.071,-39.846
822,56.654,-52.344
823,41.36,-38.297
824,51.423,-47.523
825,30.319,-28.037
826,60.528,-56.006
827,59.246,-54.831
828,43.323,-40.116
829,25.191,-22.664
830,25.555,-23.728
831,40.657,-37.658
832,41.169,-38.164
833,24.892,-23.061
834,24.997,-23.178
835,25.255,-23.43
836,30.844,-28.598
837,50.488,-46.773
838,51.624,-47.819
839,24.845,-23.045
840,25.209,-23.395
841,34.638,-32.151
842,40.592,-37.686
843,55.362,-47.162
844,39.934,-36.953
845,39.982,-37.015
846,59.984,-51.825
847,31.808,-25.293
848,40.303,-37.334
849,55.746,-51.604
850,31.678,-29.326
851,52.405,-48.403
852,31.945,-25.365
853,27.226,-20.996
854,27.339,-21.094
855,26.736,-20.981
856,39.977,-36.967
857,27.187,-20.953
858,26.549,-21.164
859,54.24,-50.063
860,47.916,-44.292
861,46.418,-42.906
862,45.157,-37.639
863,29.927,-27.746
864,62.484,-57.644
865,41.615,-38.474
866,46.243,-42.725
867,50.128,-46.271
868,72.28,-62.223
869,40.38,-37.324
870,48.971,-45.197
871,39.336,-36.342
872,39.317,-36.277
873,35.415,-32.8
874,29.533,-27.394
875,39.261,-36.331
876,32.808,-30.374
877,46.592,-43.132
878,45.988,-42.572
879,39.299,-32.008
880,52.237,-48.353
881,69.923,-64.704
882,50.126,-46.511
883,46.845,-39.096
884,55.149,-51.011
885,54.705,-50.604
886,33.755,-31.291
887,32.193,-30.068
888,58.688,-54.275
889,38.93,-36.065
890,56.406,-52.185
891,31.756,-29.454
892,63.2,-58.388
893,62.764,-57.984
894,62.056,-57.335
895,60.974,-56.271
896,56.111,-51.808
897,43.132,-39.874
898,53.855,-45.497
899,46.034,-42.533
900,40.95,-37.867
901,38.836,-35.934
902,34.131,-31.621
903,38.267,-31.312
904,35.136,-32.521
905,31.738,-25.154
906,64.038,-59.05
907,48.157,-44.516
908,35.344,-28.59
909,35.751,-28.837
910,45.346,-38.234
911,66.411,-61.399
912,65.242,-60.315
913,45.383,-38.292
914,51.365,-47.562
915,51.711,-47.965
916,47.704,-44.217
917,38.522,-35.715
918,41.912,-34.652
919,33.472,-30.99
920,56.212,-52.014
921,45.634,-42.236
922,38.427,-35.598
923,53.302,-45.06
924,58.696,-54.273
925,47.447,-43.906
926,57.418,-53.065
927,39.623,-36.687
928,38.22,-35.371
929,38.242,-35.382
930,34.985,-32.406
931,38.138,-35.266
932,45.565,-42.065
933,51.052,-42.836
934,39.628,-36.658
935,56.668,-52.258
936,37.88,-35.09
937,45.131,-41.79
938,37.803,-35.025
939,55.869,-51.683
940,45.103,-41.822
941,37.571,-34.845
942,45.16,-41.881
943,31.854,-32.503
944,32.216,-32.181
945,34.632,-32.043
946,35.504,-28.624
947,37.443,-34.7
948,60.451,-55.849
949,62.855,-58.079
950,57.078,-52.694
951,53.611,-49.49
952,37.383,-34.619
953,31.128,-28.854
954,34.009,-31.314
955,31.043,-33.425
956,30.665,-33.825
957,30.337,-34.191
958,30.005,-34.554
959,47.437,-43.837
960,37.138,-34.423
961,50.184,-42.171
962,50.458,-42.411
963,63.483,-58.72
964,65.772,-60.924
965,37.032,-34.305
966,44.805,-37.264
967,50.171,-42.14
968,53.85,-45.568
969,44.684,-37.139
970,36.921,-34.204
971,53.674,-49.609
972,36.9,-34.193
973,53.411,-49.386
974,54.577,-50.463
975,65.672,-60.704
976,59.794,-55.232
977,44.716,-41.347
978,36.678,-33.971
979,44.885,-41.485
980,47.261,-43.668
981,66.648,-61.548
982,44.519,-41.199
983,50.513,-42.484
984,67.082,-62.089
985,65.002,-60.174
986,40.796,-40.881
987,58.433,-54.009
988,54.078,-50.032
989,49.829,-41.89
990,34.767,-32.18
991,40.752,-40.989
992,61.605,-56.94
993,49.7,-41.681
994,65.849,-60.946
995,49.555,-41.567
996,55.579,-51.381
997,49.884,-46.115
998,44.312,-40.992
999,34.115,-32.042
1000,58.11,-53.659
1001,63.222,-58.394
1002,49.305,-41.333
1003,44.128,-40.87
1004,46.367,-42.9
1005,71.09,-63.913
1006,49.053,-41.093
1007,44.51,-36.926
1008,65.438,-60.449
1009,48.901,-40.975
1010,56.869,-52.629
1011,43.989,-40.741
1012,57.96,-53.542
1013,63.087,-58.204
1014,54.785,-50.595
1015,52.837,-48.841
1016,43.771,-40.536
1017,66.922,-61.974
1018,58.29,-53.902
1019,48.427,-40.601
1020,48.482,-40.654
1021,59.696,-51.073
1022,48.639,-40.727
1023,48.169,-40.293
1024,44.345,-36.78
1025,48.02,-40.162
1026,47.977,-40.114
1027,61.054,-56.385
1028,59.11,-54.663
1029,61.151,-56.507
1030,61.971,-57.281
1031,54.429,-45.943
1032,60.046,-55.404
1033,55.429,-51.183
1034,50.938,-42.825
1035,40.951,-38.354
1036,47.904,-39.91
1037,60.172,-55.691
1038,64.848,-60.031
1039,43.657,-40.452
1040,44.129,-36.566
1041,62.991,-54.181
1042,59.355,-50.578
1043,58.947,-50.196
1044,65.262,-56.334
1045,68.85,-59.418
1046,62.97,-54.33
1047,58.422,-49.787
1048,57.985,-49.38
1049,54.597,-46.192
1050,48.084,-39.691
1051,63.698,-54.651
1052,58.768,-50.102
1053,58.328,-49.696
1054,57.866,-49.271
1055,47.774,-39.578
1056,46.982,-38.864
1057,47.068,-38.827
1058,46.719,-38.62
1059,38.847,-31.532
1060,32.53,-40.655
1061,32.514,-40.678
1062,33.33,-41.356
1063,32.868,-41.599
1064,33.329,-41.857
1065,32.7,-41.741
1066,32.681,-41.843
1067,33.704,-42.205
1068,33.876,-42.344
1069,31.202,-39.981
1070,34.299,-42.384
1071,34.315,-42.385
1072,34.296,-42.391
1073,30.001,-38.523
1074,29.994,-38.479
1075,30.337,-38.725
1076,30.412,-38.81
1077,30.662,-39.024
1078,30.782,-39.086
1079,30.722,-39.415
1080,30.626,-39.514
1081,33.361,-41.364
1082,34.629,-42.677
1083,34.665,-42.72
1084,29.341,-35.513
1085,29.267,-35.941
1086,29.242,-35.701
1087,28.982,-36.269
1088,28.986,-36.029
1089,28.886,-36.144
1090,28.715,-36.447
1091,28.406,-36.674
1092,28.821,-36.596
1093,28.551,-36.491
1094,28.821,-36.973
1095,28.561,-37.258
1096,28.881,-37.108
1097,28.204,-37.589
1098,28.479,-37.344
1099,28.385,-37.431
1100,28.259,-37.728
1101,28.29,-37.82
1102,28.836,-37.723
1103,29.068,-37.914
1104,29.231,-38.074
1105,31.633,-40.283
1106,35.032,-43.056
1107,34.966,-43.007
1108,35.048,-43.078
1109,35.401,-43.389
1110,35.338,-43.334
1111,35.229,-43.621
1112,35.551,-43.942
1113,41.581,-38.941
1114,35.593,-43.965
1115,35.968,-44.314
1116,40.934,-38.356
1117,41.281,-38.671
1118,40.585,-38.026
1119,40.352,-37.87
1120,39.543,-37.08
1121,39.939,-37.437
1122,36.612,-44.204
1123,35.943,-44.994
1124,39.879,-37.389
1125,37.037,-44.53
1126,36.785,-44.309
1127,36.307,-44.589
1128,35.967,-44.956
1129,38.804,-36.402
1130,38.329,-43.477
1131,37.79,-44.146
1132,38.116,-43.714
1133,37.556,-44.403
1134,37.038,-44.908
1135,37.337,-44.53
1136,36.924,-44.482
1137,36.59,-44.232
1138,35.024,-33.007
1139,35.559,-33.418
1140,36.42,-34.205
1141,37.999,-35.66
1142,38.489,-36.111
1143,38.881,-36.478
1144,39.539,-42.187
1145,39.192,-42.566
1146,38.817,-42.945
1147,39.027,-42.745
1148,38.54,-43.236
1149,38.303,-43.503
1150,37.933,-43.919
1151,37.736,-44.206
1152,29.7,-35.512
1153,29.553,-35.424
1154,29.728,-35.253
1155,29.908,-35.053
1156,30.185,-34.975
1157,30.289,-34.637
1158,30.501,-34.406
1159,30.604,-34.342
1160,30.81,-34.077
1161,30.796,-34.108
1162,31.142,-33.707
1163,31.291,-33.569
1164,31.499,-33.329
1165,31.591,-33.246
1166,31.836,-32.952
1167,32.176,-32.607
1168,32.374,-32.391
1169,32.695,-32.036
1170,32.688,-32.064
1171,32.86,-31.856
1172,33.276,-31.4
1173,35.169,-33.059
1174,33.297,-31.391
1175,36.33,-34.106
1176,40.194,-41.464
1177,39.841,-41.839
1178,39.649,-42.065
1179,39.332,-42.4
1180,39.004,-42.754
1181,38.661,-43.105
1182,38.543,-43.226
1183,38.151,-43.665
1184,37.452,-44.502
1185,33.877,-31.86
1186,34.175,-32.124
1187,37.727,-35.403
1188,40.327,-41.352
1189,39.974,-41.717
1190,39.69,-42.021
1191,39.377,-42.347
1192,40.684,-40.937
1193,40.369,-41.286
1194,41.644,-39.029
1195,41.033,-40.574
1196,41.046,-40.567
1197,39.177,-36.741
1198,35.753,-33.581
1199,33.745,-31.723
1200,34.662,-32.568
1201,31.121,-39.805
1202,41.37,-40.199
1203,41.587,-40.011
1204,41.386,-40.164
1205,41.774,-39.824
1206,41.322,-38.823
1207,35.585,-33.44
1208,29.836,-38.246
1209,41.864,-39.731
1210,29.758,-38.227
1211,32.98,-31.769
1212,32.222,-32.597
1213,33.792,-31.768
1214,42.015,-39.573
1215,33.315,-41.378
1216,36.369,-44.67
1217,39.235,-36.832
1218,33.954,-42.791
1219,33.95,-42.781
1220,33.928,-42.803
1221,32.841,-40.891
1222,37.887,-35.591
1223,32.09,-40.309
1224,32.093,-40.305
1225,32.098,-40.299
1226,28.38,-36.768
1227,31.7,-40.685
1228,31.681,-40.707
1229,31.577,-40.971
1230,33.271,-31.453
1231,32.792,-40.978
1232,47.211,-38.731
1233,50.034,-42.071
1234,48.189,-39.623
1235,68.038,-58.866
1236,68.439,-58.973
1237,65.942,-56.613
1238,60.692,-51.867
1239,68.464,-59.052
1240,65.292,-56.419
1241,62.972,-54.258
1242,59.779,-51.061
1243,59.169,-50.444
1244,58.433,-49.776
1245,69.211,-59.773
1246,43.784,-40.99
1247,59.314,-50.638
1248,69.905,-64.762
1249,49.6,-41.654
1250,60.628,-51.988
1251,68.115,-58.798
1252,72.224,-62.254
1253,47.344,-39.202
1254,65.4,-56.307
1255,46.281,-38.194
1256,63.247,-54.577
1257,61.665,-57.045
1258,68.878,-59.652
1259,59.691,-55.286
1260,63.63,-54.605
1261,46.404,-37.987
1262,46.395,-37.999
1263,57.912,-49.089
1264,55.059,-46.308
1265,51.755,-43.239
1266,53.127,-49.075
1267,59.368,-54.799
1268,52.136,-43.328
1269,53.065,-44.299
1270,56.96,-48.384
1271,60.738,-51.901
1272,60.715,-56.231
1273,52.7,-44.112
1274,53.098,-44.253
1275,52.174,-43.324
1276,66.229,-61.149
1277,58.316,-53.825
1278,53.176,-44.183
1279,57.747,-53.31
1280,58.597,-49.876
1281,62.885,-53.81
1282,62.331,-57.639
1283,62.826,-53.808
1284,69.408,-64.143
1285,67.623,-62.343
1286,55.238,-46.131
1287,63.589,-58.836
1288,64.726,-59.794
1289,64.593,-59.635
1290,56.98,-52.648
1291,68.669,-59.167
1292,57.821,-53.438
1293,52.293,-43.761
1294,68.109,-58.66
1295,68.402,-63.04
1296,49.608,-46.296
1297,62.318,-57.739
1298,59.46,-50.743
1299,56.052,-47.564
1300,51.396,-42.581
1301,67.907,-58.485
1302,51.408,-42.589
1303,67.863,-58.41
1304,65.866,-56.552
1305,56.686,-47.807
1306,66.721,-61.781
1307,59.838,-55.373
1308,57.734,-48.766
1309,57.195,-47.945
1310,57.188,-47.926
1311,58.088,-48.889
1312,61.621,-56.897
1313,65.07,-55.861
1314,54.314,-45.324
1315,54.329,-45.298
1316,61.963,-53.021
1317,65.117,-55.927
1318,64.347,-59.452
1319,64.472,-59.54
1320,64.75,-55.603
1321,61.927,-53.003
1322,66.194,-61.221
1323,61.883,-52.944
1324,58.114,-49.489
1325,64.776,-55.53
1326,56.308,-47.446
1327,63.592,-58.824
1328,56.568,-47.66
1329,57.339,-48.396
1330,56.379,-47.259
1331,56.343,-47.258
1332,66.995,-57.652
1333,64.436,-55.327
1334,62.089,-52.621
1335,64.484,-55.382
1336,61.814,-52.523
1337,62.132,-52.579
1338,66.952,-57.622
1339,63.049,-53.519
1340,62.681,-53.3
1341,68.978,-63.672
1342,64.265,-55.129
1343,68.571,-63.359
1344,61.029,-52.165
1345,68.086,-62.733
1346,66.96,-57.693
1347,63.126,-53.441
1348,72.884,-56.163
1349,62.682,-57.966
1350,64.13,-55.014
1351,63.156,-53.393
1352,64.016,-54.926
1353,61.29,-51.972
1354,66.922,-57.388
1355,61.351,-51.827
1356,61.438,-51.687
1357,67.956,-62.872
1358,61.18,-57.03
1359,62.374,-52.63
1360,69.668,-64.389
1361,69.137,-59.841
1362,72.567,-61.924
1363,69.549,-60.11
1364,69.719,-60.178
1365,67.166,-57.13
1366,72.593,-61.876
1367,66.631,-56.972
1368,67.145,-57.149
1369,68.082,-58.068
1370,68.098,-58.075
1371,67.638,-57.909
1372,68.201,-58.058
1373,71.799,-57.684
1374,67.141,-57.184
1375,72.379,-57.467
1376,75.966,-58.224
1377,76.243,-57.957
1378,75.979,-58.233
1379,72.169,-57.344
1380,76.315,-57.851
1381,76.302,-57.855
1382,72.369,-57.456
1383,72.013,-57.106
1384,72.009,-57.15
1385,77.051,-57.007
1386,77.079,-57.008
1387,72.511,-56.863
1388,67.725,-62.599
1389,72.951,-56.017
1390,77.893,-56.022
1391,73.238,-56.424
1392,77.937,-55.978
1393,71.212,-57.926
1394,72.739,-61.699
1395,71.365,-57.906
1396,69.389,-64.108
1397,69.249,-64.022
1398,72.869,-61.564
1399,76.495,-52.537
1400,76.856,-52.376
1401,76.704,-52.316
1402,76.707,-51.988
1403,77.4,-51.572
1404,77.717,-51.368
1405,77.714,-51.382
1406,77.709,-51.377
1407,69.417,-59.983
1408,66.115,-56.664
1409,68.99,-63.723
1410,72.92,-61.465
1411,73.098,-61.283
1412,77.458,-51.058
1413,66.364,-56.404
1414,66.355,-56.413
1415,73.204,-61.205
1416,73.302,-61.107
1417,68.82,-63.619
1418,73.446,-60.912
1419,66.395,-56.339
1420,73.527,-60.823
1421,74.194,-60.134
1422,73.865,-60.48
1423,74.312,-59.983
1424,74.008,-60.302
1425,74.562,-59.747
1426,74.457,-59.843
1427,74.724,-59.532
1428,68.485,-63.554
1429,74.834,-59.5
1430,75.099,-59.135
1431,74.938,-59.308
1432,75.322,-59.235
1433,75.466,-58.735
1434,75.42,-58.78
1435,76.587,-57.513
1436,77.459,-56.571
1437,70.21,-59.77
1438,70.024,-59.983
1439,70.599,-59.354
1440,70.437,-59.539
1441,70.927,-59.008
1442,71.564,-58.321
1443,80.434,-53.235
1444,79.984,-53.764
1445,80.419,-53.28
1446,79.616,-54.159
1447,80.046,-53.691
1448,80.433,-53.244
1449,79.687,-54.086
1450,79.956,-53.796
1451,78.847,-54.999
1452,79.211,-54.602
1453,78.46,-55.429
1454,78.636,-55.232
1455,78.96,-54.873
1456,78.423,-55.463
1457,77.592,-56.376
1458,76.998,-57.029
1459,76.695,-57.354
1460,75.61,-58.559
1461,71.016,-58.9
1462,71.358,-58.531
1463,71.362,-58.52
1464,73.143,-56.383
1465,73.684,-55.99
1466,74.036,-55.604
1467,74.421,-55.187
1468,73.537,-56.141
1469,74.869,-54.701
1470,75.425,-54.087
1471,81.827,-51.765
1472,81.325,-52.317
1473,81.874,-51.711
1474,81.384,-52.249
1475,81.673,-51.928
1476,80.88,-52.792
1477,81.166,-52.483
1478,70.467,-59.522
1479,70.74,-59.217
1480,80.774,-52.99
1481,82.281,-51.366
1482,82.372,-51.17
1483,82.2,-51.451
1484,82.652,-50.963
1485,83.141,-50.44
1486,83.693,-49.853
1487,84.108,-49.38
1488,86.966,-46.641
1489,88.136,-45.077
1490,89.072,-44.058
1491,89.534,-43.489
1492,89.112,-43.098
1493,88.689,-42.717
1494,88.268,-42.326
1495,87.69,-41.774
1496,83.635,-45.376
1497,82.947,-50.604
1498,83.479,-50.029
1499,73.261,-56.476
1500,74.305,-55.329
1501,74.659,-54.945
1502,75.234,-54.309
1503,75.701,-53.793
1504,76.083,-53.373
1505,75.021,-54.535
1506,75.453,-54.063
1507,75.818,-53.66
1508,76.173,-53.284
1509,78.145,-51.123
1510,78.561,-50.668
1511,79.008,-50.179
1512,79.47,-49.673
1513,76.964,-52.447
1514,85.326,-43.407
1515,80.669,-48.451
1516,80.293,-48.837
1517,82.408,-46.459
1518,79.803,-49.375
1519,81.546,-47.446
1520,80.348,-48.793
1521,88.566,-44.469
1522,87.871,-41.946
1523,87.503,-41.608
1524,86.918,-46.142
1525,89.286,-43.233
1526,89.021,-43.007
1527,88.658,-42.671
1528,88.294,-42.337
1529,76.16,-53.296
1530,88,-45.111
1531,89.022,-43.995
1532,89.458,-43.441
1533,87.848,-41.907
1534,83.058,-45.828
1535,83.925,-49.466
1536,88.799,-42.69
1537,87.035,-41.421
1538,81.468,-47.383
1539,86.079,-42.432
1540,82.665,-46.184
1541,83.368,-50.115
1542,82.883,-50.639
1543,78.498,-50.781
1544,83.989,-49.389
1545,88.399,-44.623
1546,87.623,-45.469
1547,74.611,-54.963
1548,86.811,-46.495
1549,87.34,-45.728
1550,83.146,-45.637
1551,84.931,-43.892
1552,78.884,-50.406
1553,86.169,-42.477
1554,74.286,-55.359
1555,73.947,-55.727
1556,87.097,-41.484
1557,84.665,-44.093
1558,80.682,-48.394
1559,79.72,-49.44
1560,82.558,-50.968
1561,87.319,-41.433
1562,85.218,-43.411
1563,78.928,-50.274
1564,84.416,-44.317
1565,83.726,-45.037
1566,78.567,-50.707
1567,79.356,-49.83
1568,82.779,-46.098
1569,77.364,-58.131
1570,82.345,-46.404
1571,86.957,-41.407
1572,79.286,-54.572
1573,77.816,-56.177
1574,77.677,-58.415
1575,84.941,-43.793
1576,80.79,-48.314
1577,78.209,-51.099
1578,71.464,-58.029
1579,80.099,-49.021
1580,78.713,-59.318
1581,79.114,-59.718
1582,78.552,-59.241
1583,78.57,-59.248
1584,79.077,-59.685
1585,79.049,-59.684
1586,79.373,-59.973
1587,79.487,-60.067
1588,79.707,-60.326
1589,79.878,-60.43
1590,79.985,-60.534
1591,80.109,-60.637
1592,80.292,-60.813
1593,80.514,-61.006
1594,80.34,-60.918
1595,80.805,-61.282
1596,80.852,-61.312
1597,81.175,-61.618
1598,81.204,-61.635
1599,81.584,-61.988
1600,81.59,-61.988
1601,81.956,-62.333
1602,81.963,-62.331
1603,82.302,-62.725
1604,82.293,-62.806
1605,82.021,-63.125
1606,81.923,-63.114
1607,81.751,-63.549
1608,81.769,-63.351
1609,81.543,-63.719
1610,81.405,-63.871
1611,81.43,-63.764
1612,81.17,-64.087
1613,81.12,-64.16
1614,80.863,-64.462
1615,80.825,-64.54
1616,81.846,-62.494
1617,79.986,-49.168
1618,79.308,-49.896
1619,83.251,-45.61
1620,75.834,-69.702
1621,75.827,-69.754
1622,76.205,-69.408
1623,75.818,-69.737
1624,76.269,-69.412
1625,76.547,-68.998
1626,76.596,-69.073
1627,76.919,-68.678
1628,77.01,-68.568
1629,77.271,-68.178
1630,77.664,-67.93
1631,77.99,-67.476
1632,75.344,-69.564
1633,76.982,-68.546
1634,77.206,-68.406
1635,77.532,-68.058
1636,77.928,-67.797
1637,77.723,-67.96
1638,78.042,-67.563
1639,78.331,-67.264
1640,78.16,-67.257
1641,78.53,-67.017
1642,78.335,-67.058
1643,79.081,-67.441
1644,74.969,-69.205
1645,75.263,-69.458
1646,84.39,-44.375
1647,75.083,-54.506
1648,84.27,-44.446
1649,87.158,-46.054
1650,89.204,-43.792
1651,75.819,-53.69
1652,88.69,-44.344
1653,81.28,-52.826
1654,75.86,-52.897
1655,75.89,-52.918
1656,82.191,-46.337
1657,81.254,-47.195
1658,83.927,-44.906
1659,87.726,-45.471
1660,81.029,-47.652
1661,83.998,-44.79
1662,81.176,-47.113
1663,87.238,-45.931
1664,87.169,-46.831
1665,81.953,-46.605
1666,80.913,-53.27
1667,82.038,-46.097
1668,87.221,-46.866
1669,80.466,-47.939
1670,88.01,-47.611
1671,87.573,-47.179
1672,87.723,-47.338
1673,87.366,-46.997
1674,85.427,-43.264
1675,88.511,-48.048
1676,88.592,-48.12
1677,88.211,-47.786
1678,88.31,-47.876
1679,87.933,-47.519
1680,87.583,-47.199
1681,88.991,-48.477
1682,88.975,-48.481
1683,89.483,-48.928
1684,89.367,-48.835
1685,85.829,-42.176
1686,85.783,-42.146
1687,80.426,-47.924
1688,81.339,-46.941
1689,89.783,-49.22
1690,89.864,-49.29
1691,90.216,-49.615
1692,90.596,-49.965
1693,90.952,-50.285
1694,90.6,-49.971
1695,91.315,-50.606
1696,91.713,-50.968
1697,72.026,-66.579
1698,89.378,-39.23
1699,90.831,-50.181
1700,91.226,-50.55
1701,91.685,-50.95
1702,92.048,-51.293
1703,92.048,-51.289
1704,92.515,-51.71
1705,92.427,-51.629
1706,92.805,-51.98
1707,92.797,-52.08
1708,92.503,-52.402
1709,92.505,-52.386
1710,92.154,-52.757
1711,91.817,-53.129
1712,91.589,-53.397
1713,91.551,-53.431
1714,91.289,-53.711
1715,91.205,-53.806
1716,90.801,-54.271
1717,90.624,-54.441
1718,71.669,-66.219
1719,71.754,-66.264
1720,90.011,-49.57
1721,92.536,-52.362
1722,85.471,-42.819
1723,86.643,-41.146
1724,86.457,-41.722
1725,89.335,-52.867
1726,88.706,-39.209
1727,85.856,-50.573
1728,90.013,-54.381
1729,89.687,-54.032
1730,88.875,-52.554
1731,89.547,-49.176
1732,81.142,-47.679
1733,92.344,-51.564
1734,88.386,-52.275
1735,91.576,-53.385
1736,87.948,-52.024
1737,81.118,-48.172
1738,89.26,-53.405
1739,91.409,-50.702
1740,85.346,-50.114
1741,84.771,-49.571
1742,86.235,-50.919
1743,87.694,-52.255
1744,85.759,-42.1
1745,88.326,-40.126
1746,88.702,-39.677
1747,89.746,-38.911
1748,89.319,-38.996
1749,87.247,-51.826
1750,86.849,-51.501
1751,89.042,-39.433
1752,89.609,-38.699
1753,88.622,-39.098
1754,89.303,-39.031
1755,89.595,-38.717
1756,85.015,-42.906
1757,85.032,-42.921
1758,89.028,-39.488
1759,89.225,-39.105
1760,91.942,-40.863
1761,91.937,-40.851
1762,92.238,-42.375
1763,92.196,-41.154
1764,92.262,-41.156
1765,92.307,-41.154
1766,87.777,-40.698
1767,88.523,-39.031
1768,88.011,-40.443
1769,88.244,-40.188
1770,88.664,-39.842
1771,87.63,-40.831
1772,87.772,-40.695
1773,88.186,-40.41
1774,88.673,-42.192
1775,88.495,-42.044
1776,89.044,-42.554
1777,89.095,-42.606
1778,89.25,-42.723
1779,89.491,-42.96
1780,89.919,-43.195
1781,89.745,-43.189
1782,90.057,-43.32
1783,90.352,-43.594
1784,90.172,-43.428
1785,90.508,-43.74
1786,90.84,-44.048
1787,91.247,-44.43
1788,91.604,-44.767
1789,90.857,-44.07
1790,91.355,-43.936
1791,92.843,-43.016
1792,91.224,-44.394
1793,91.597,-44.744
1794,92.029,-45.137
1795,92.89,-46.029
1796,93.165,-46.32
1797,93.752,-46.846
1798,92.591,-45.716
1799,92.091,-45.197
1800,94.22,-47.165
1801,94.943,-47.832
1802,95.358,-48.214
1803,95.084,-44.908
1804,94.077,-44.129
1805,104.678,-52.494
1806,103.602,-51.621
1807,103.699,-51.746
1808,103.052,-51.11
1809,103.732,-51.751
1810,103.225,-51.282
1811,102.501,-50.611
1812,103.185,-51.236
1813,102.701,-50.795
1814,102.046,-50.189
1815,102.639,-50.742
1816,102.213,-50.35
1817,101.552,-49.752
1818,102.181,-50.312
1819,101.76,-49.934
1820,101.709,-49.878
1821,101.33,-49.533
1822,101.217,-49.366
1823,101.268,-49.479
1824,97.489,-46.978
1825,97.599,-47.058
1826,96.286,-46.132
1827,97.849,-46.588
1828,97.861,-46.595
1829,95.478,-45.397
1830,122.96,-71.783
1831,96.456,-48.341
1832,99.496,-51.087
1833,123.345,-71.303
1834,96.401,-48.333
1835,99.619,-50.918
1836,96.612,-48.105
1837,96.716,-47.978
1838,115.519,-62.572
1839,114.488,-61.615
1840,113.438,-60.65
1841,112.472,-59.762
1842,111.756,-59.083
1843,110.982,-58.37
1844,112.191,-59.475
1845,110.159,-57.629
1846,110.273,-57.766
1847,109.02,-56.552
1848,107.719,-55.383
1849,109.071,-56.533
1850,107.23,-54.933
1851,107.969,-55.617
1852,106.712,-54.463
1853,107.442,-55.131
1854,106.251,-54.039
1855,106.939,-54.669
1856,105.784,-53.616
1857,97.126,-47.665
1858,106.467,-54.234
1859,106.01,-53.816
1860,105.624,-53.45
1861,104.633,-52.55
1862,95.441,-45.456
1863,87.49,-41.139
1864,87.861,-41.412
1865,88.041,-41.651
1866,94.68,-44.565
1867,94.375,-47.296
1868,93.59,-46.417
1869,93.915,-46.881
1870,113.424,-60.648
1871,114.58,-61.715
1872,115.509,-62.61
1873,105.361,-56.54
1874,107.734,-58.95
1875,104.516,-55.907
1876,103.558,-55.055
1877,99.976,-51.844
1878,101.647,-53.369
1879,99.453,-51.373
1880,98.936,-50.902
1881,100.12,-51.969
1882,99.668,-51.55
1883,96.016,-48.56
1884,96.162,-48.389
1885,95.945,-48.616
1886,95.504,-48.361
1887,95.155,-48.019
1888,94.763,-47.66
1889,94.328,-47.257
1890,93.448,-46.585
1891,92.504,-45.719
1892,123.078,-72.477
1893,122.592,-72.647
1894,111.012,-61.905
1895,112.099,-62.91
1896,109.508,-60.544
1897,101.211,-52.946
1898,101.244,-52.971
1899,98.838,-50.785
1900,111.699,-59.089
1901,110.519,-61.621
1902,105.894,-57.282
1903,103.772,-55.345
1904,100.708,-52.535
1905,100.301,-52.191
1906,98.346,-50.357
1907,95.452,-48.295
1908,111.363,-58.724
1909,113.727,-64.458
1910,105.328,-56.463
1911,101.978,-53.69
1912,110.024,-57.419
1913,105.277,-56.725
1914,106.212,-54.045
1915,110.699,-58.167
1916,111.299,-58.713
1917,106.111,-57.512
1918,97.848,-49.918
1919,98.849,-50.934
1920,108.098,-55.775
1921,103.251,-54.938
1922,109.934,-61.031
1923,103.95,-55.237
1924,100.776,-52.635
1925,110.844,-61.924
1926,101.451,-53.194
1927,103.232,-54.994
1928,123.056,-72.809
1929,114.985,-62.179
1930,104.627,-56.233
1931,108.913,-60.205
1932,110.394,-61.574
1933,122.87,-73.247
1934,100.092,-52.003
1935,100.852,-52.715
1936,104.036,-55.58
1937,99.72,-51.628
1938,113.748,-64.587
1939,104.683,-56.203
1940,102.5,-54.15
1941,102.396,-54.085
1942,111.988,-62.981
1943,110.494,-58
1944,105.65,-57.059
1945,97.119,-47.546
1946,112.048,-59.311
1947,106.557,-57.744
1948,102.891,-54.521
1949,112.133,-59.423
1950,112.467,-59.727
1951,123.025,-71.573
1952,100.346,-48.633
1953,100.314,-48.593
1954,112.87,-63.731
1955,95.71,-48.569
1956,100.453,-52.366
1957,102.353,-54.126
1958,93.047,-45.886
1959,94.6,-47.501
1960,98.03,-50.093
1961,108.446,-59.669
1962,108.117,-55.731
1963,100.358,-48.239
1964,98.047,-50.081
1965,97.022,-48.984
1966,97.597,-49.665
1967,96.944,-47.86
1968,106.593,-57.866
1969,97.712,-49.771
1970,97.369,-49.451
1971,94.819,-48.31
1972,112.836,-65.538
1973,97.156,-49.263
1974,99.392,-47.767
1975,109.668,-60.786
1976,99.373,-47.753
1977,100.47,-52.33
1978,97.48,-49.582
1979,99.321,-47.71
1980,104.212,-55.799
1981,109.129,-60.313
1982,108.668,-59.888
1983,100.08,-48.02
1984,96.597,-48.757
1985,96.684,-48.806
1986,113.607,-64.587
1987,108.003,-59.375
1988,101.136,-48.997
1989,94.307,-47.85
1990,122.287,-73.138
1991,110.808,-61.914
1992,102.106,-53.844
1993,113.304,-64.224
1994,99.026,-47.416
1995,98.971,-47.365
1996,112.989,-63.874
1997,99.006,-47.42
1998,107.927,-59.17
1999,98.707,-47.139
2000,110.185,-61.281
2001,111.219,-62.218
2002,112.73,-63.62
2003,112.2,-66.209
2004,104.878,-56.337
2005,121.316,-73.415
2006,106.785,-58.069
2007,107.662,-58.959
2008,108.018,-59.276
2009,101.471,-49.075
2010,115.117,-62.218
2011,96.96,-49.119
2012,101.483,-49.042
2013,93.157,-46.323
2014,97.324,-49.43
2015,105.755,-56.753
2016,98.604,-51.227
2017,98.211,-46.696
2018,100.582,-48.076
2019,98.325,-46.807
2020,98.333,-46.794
2021,112.448,-63.374
2022,120.498,-73.76
2023,98.262,-50.863
2024,98.286,-51.379
2025,98.232,-51.491
2026,98.145,-51.422
2027,106.803,-58.192
2028,104.245,-55.86
2029,115.067,-62.191
2030,106.217,-57.574
2031,97.921,-50.494
2032,108.3,-59.542
2033,97.889,-51.198
2034,97.555,-50.908
2035,97.731,-50.619
2036,97.803,-51.109
2037,97.701,-50.636
2038,109.662,-60.798
2039,99.711,-47.423
2040,99.701,-47.424
2041,112.566,-65.842
2042,122.123,-72.843
2043,104.788,-52.305
2044,112.316,-63.334
2045,122.299,-73.503
2046,105.742,-53.199
2047,104.455,-52.058
2048,104.913,-52.19
2049,107.298,-59.49
2050,105.813,-53.163
2051,103.049,-55.17
2052,101.612,-54.07
2053,101.375,-53.509
2054,101.392,-54.279
2055,105.439,-52.969
2056,113.383,-64.312
2057,105.495,-56.98
2058,119.192,-74.63
2059,110.066,-61.191
2060,111.217,-62.271
2061,101.003,-53.515
2062,100.895,-53.688
2063,102.534,-54.923
2064,102.654,-55.596
2065,101.105,-54.185
2066,101.738,-53.921
2067,102.655,-55.586
2068,104.214,-56.516
2069,113.465,-60.776
2070,121.831,-73.188
2071,121.849,-73.097
2072,117.167,-62.781
2073,101.992,-54.901
2074,102.189,-54.554
2075,101.894,-54.866
2076,102.109,-54.638
2077,103.812,-56.133
2078,105.421,-57.228
2079,104.087,-51.499
2080,104.133,-51.378
2081,107.419,-59.212
2082,103.295,-55.798
2083,105.308,-57.355
2084,109.241,-60.431
2085,122.618,-72.046
2086,109.268,-56.293
2087,112.391,-63.323
2088,107.421,-59.222
2089,108.795,-56.081
2090,120.771,-74.059
2091,110.198,-57.215
2092,121.766,-73.475
2093,110.272,-57.155
2094,109.759,-56.969
2095,120.185,-74.046
2096,104.978,-56.893
2097,106.759,-59.379
2098,106.707,-59.313
2099,106.98,-59.587
2100,119.485,-74.291
2101,106.571,-59.211
2102,108.524,-55.501
2103,108.514,-55.51
2104,114.344,-65.113
2105,121.279,-73.177
2106,114.277,-65.001
2107,104.935,-56.875
2108,106.507,-58.655
2109,106.778,-58.346
2110,106.309,-59.031
2111,106.318,-58.969
2112,106.508,-58.641
2113,123.968,-69.978
2114,111.841,-63.107
2115,124.443,-70.431
2116,121.334,-73.709
2117,113.054,-65.865
2118,114.136,-64.884
2119,120.913,-73.314
2120,123.952,-69.933
2121,111.765,-63.223
2122,114.561,-61.293
2123,113.267,-60.165
2124,110.769,-62.27
2125,113.732,-60.29
2126,113.718,-60.288
2127,119.905,-74.396
2128,109.52,-56.313
2129,124.296,-69.581
2130,114.751,-61.183
2131,114.722,-61.173
2132,124.317,-69.551
2133,111.601,-63.405
2134,124.254,-69.595
2135,120.487,-73.473
2136,111.525,-63.474
2137,114.104,-60.968
2138,124.078,-70.189
2139,124.281,-69.128
2140,110.844,-63.103
2141,111.212,-63.439
2142,119.335,-65.802
2143,124.336,-69.028
2144,119.302,-65.789
2145,119.85,-74.425
2146,119.515,-73.838
2147,119.752,-73.898
2148,119.996,-73.654
2149,112.933,-59.532
2150,119.099,-65.536
2151,112.924,-59.555
2152,118.781,-65.239
2153,118.717,-65.174
2154,110.896,-62.623
2155,110.91,-62.608
2156,110.681,-62.863
2157,124.552,-68.788
2158,119.02,-74.014
2159,119.514,-75.565
2160,119.201,-74.707
2161,119.543,-75.638
2162,119.015,-75.776
2163,119.049,-75.765
2164,120.365,-74.317
2165,119.681,-76.052
2166,119.437,-76.111
2167,118.707,-76.095
2168,118.699,-76.107
2169,119.056,-64.844
2170,119.053,-64.853
2171,123.605,-68.193
2172,119.331,-75.104
2173,118.286,-76.263
2174,118.742,-64.515
2175,124.485,-70.544
2176,118.862,-64.324
2177,118.968,-64.422
2178,118.36,-64.14
2179,124.539,-68.815
2180,115.084,-73.402
2181,117.567,-77.048
2182,122.804,-67.501
2183,122.795,-67.497
2184,114.481,-77.796
2185,114.453,-72.862
2186,114.836,-78.155
2187,115.222,-78.513
2188,115.061,-73.437
2189,115.625,-78.88
2190,116.084,-78.657
2191,115.707,-74.024
2192,116.458,-78.256
2193,116.657,-78.045
2194,116.644,-74.877
2195,117.823,-76.795
2196,117.995,-63.796
2197,114.043,-71.174
2198,114.049,-72.488
2199,114.021,-71.16
2200,114.062,-77.408
2201,114.021,-71.165
2202,117.397,-77.279
2203,118.665,-64.126
2204,118.558,-64.027
2205,118.265,-63.769
2206,117.624,-63.47
2207,117.911,-63.431
2208,117.537,-63.093
2209,116.002,-74.261
2210,116.905,-77.758
2211,117.59,-75.733
2212,118.038,-63.562
2213,117.64,-63.324
2214,117.328,-62.901
2215,116.757,-62.655
2216,116.986,-62.579
2217,113.889,-65.47
2218,113.601,-65.846
2219,113.985,-65.374
2220,113.49,-65.909
2221,111.306,-69.779
2222,110.934,-69.462
2223,110.65,-69.179
2224,110.579,-69.135
2225,117.572,-75.781
2226,114.442,-72.889
2227,114.13,-72.581
2228,113.678,-70.847
2229,113.488,-70.879
2230,113.262,-71.122
2231,113.168,-71.242
2232,112.868,-71.396
2233,112.875,-71.385
2234,112.144,-73.102
2235,112.155,-73.089
2236,111.844,-73.429
2237,111.63,-73.663
2238,111.524,-73.784
2239,111.299,-74.02
2240,111.267,-74.07
2241,111.006,-74.354
2242,110.675,-74.294
2243,110.722,-74.486
2244,110.42,-74.637
2245,110.399,-74.214
2246,110.161,-73.819
2247,109.898,-74.17
2248,111.258,-71.099
2249,109.636,-73.883
2250,111.247,-71.097
2251,110.925,-70.754
2252,110.883,-70.724
2253,110.905,-70.744
2254,111.29,-69.789
2255,111.281,-69.775
2256,110.935,-69.444
2257,110.893,-69.415
2258,110.576,-69.112
2259,110.896,-68.148
2260,110.535,-68.526
2261,111.164,-67.844
2262,110.337,-68.722
2263,110.787,-68.251
2264,110.408,-68.653
2265,111.068,-67.949
2266,110.776,-68.259
2267,111.433,-67.557
2268,111.627,-67.343
2269,115.978,-62.64
2270,116.329,-62.27
2271,116.636,-62.258
2272,121.988,-66.765
2273,121.958,-66.738
2274,122.054,-66.8
2275,116.024,-62.59
2276,116.165,-62.44
2277,116.634,-62.265
2278,113.609,-65.779
2279,113.357,-64.171
2280,111.987,-66.437
2281,112.044,-66.509
2282,111.934,-67.023
2283,112.222,-66.717
2284,111.822,-67.144
2285,111.601,-67.387
2286,109.843,-72.61
2287,118.366,-76.323
2288,121.219,-65.999
2289,121.193,-66.004
2290,110.534,-70.409
2291,118.777,-76.011
2292,118.483,-76.335
2293,119.852,-65.517
2294,117.961,-76.661
2295,117.983,-76.132
2296,119.896,-65.426
2297,120.397,-65.262
2298,120.358,-65.284
2299,120.393,-65.251
2300,113.671,-71.572
2301,113.606,-71.651
2302,113.368,-72.186
2303,112.947,-72.596
2304,124.578,-70.602
2305,114.61,-77.921
2306,116.074,-74.393
2307,115.201,-78.498
2308,115.65,-78.9
2309,116.893,-75.112
2310,116.119,-78.636
2311,116.472,-78.259
2312,117.293,-75.478
2313,117.23,-77.446
2314,117.663,-77.18
2315,114.275,-78.31
2316,114.574,-77.925
2317,113.631,-77.383
2318,115.673,-74.019
2319,113.312,-76.979
2320,112.929,-76.623
2321,115.279,-73.644
2322,112.688,-76.164
2323,112.514,-75.963
2324,112.241,-75.836
2325,114.88,-73.278
2326,112.188,-75.549
2327,111.88,-75.428
2328,111.755,-75.273
2329,113.892,-77.521
2330,113.701,-77.108
2331,113.26,-76.922
2332,112.853,-76.543
2333,111.595,-75.162
2334,114.442,-72.878
2335,111.492,-75.084
2336,111.41,-74.974
2337,113.325,-76.757
2338,113.699,-71.536
2339,113.543,-71.986
2340,113.128,-72.397
2341,112.793,-72.761
2342,112.63,-72.948
2343,111.252,-74.449
2344,113.331,-72.175
2345,112.057,-73.588
2346,109.233,-73.606
2347,111.242,-74.806
2348,116.748,-77.968
2349,112.871,-76.319
2350,114.293,-78.278
2351,109.237,-73.208
2352,110.536,-70.148
2353,110.651,-70.05
2354,119.297,-76.025
2355,114.253,-77.703
2356,112.039,-76.262
2357,119.314,-75.128
2358,110.16,-72.257
2359,109.853,-72.624
2360,111.846,-76.157
2361,110.426,-72.001
2362,110.78,-71.628
2363,117.202,-75.432
2364,117.231,-75.438
2365,110.442,-71.89
2366,109.76,-73.445
2367,109.47,-73.201
2368,110.131,-72.338
2369,110.956,-71.403
2370,113.055,-71.759
2371,113.142,-71.844
2372,113.095,-72.062
2373,113.841,-60.497
2374,110.973,-58.444
2375,86.467,-42.054
2376,86.898,-41.907
2377,91.952,-45.123
2378,88.343,-41.825
2379,87.776,-39.977
2380,87.743,-39.963
2381,85.004,-49.774
2382,85.405,-50.15
2383,88.409,-44.679
2384,89.424,-53.863
2385,71.179,-65.769
2386,76.381,-52.628
2387,72.266,-66.752
2388,72.433,-66.887
2389,72.438,-66.921
2390,72.704,-67.146
2391,72.802,-67.219
2392,73.031,-67.433
2393,73.003,-67.407
2394,73.343,-67.697
2395,73.407,-67.769
2396,73.483,-67.811
2397,73.797,-68.1
2398,74.164,-68.465
2399,74.102,-68.394
2400,74.031,-68.337
2401,74.648,-68.904
2402,74.648,-68.889
2403,74.523,-68.776
2404,75.344,-69.541
2405,75.01,-69.233
2406,79.247,-66.825
2407,79.363,-66.13
2408,79.265,-66.721
2409,79.434,-66.028
2410,79.807,-65.664
2411,79.528,-65.96
2412,79.867,-65.55
2413,80.19,-65.149
2414,79.526,-66.546
2415,79.755,-65.676
2416,80.058,-65.266
2417,80.259,-65.123
2418,80.467,-64.883
2419,80.588,-64.769
2420,78.548,-66.848
2421,71.18,-65.788
2422,71.936,-66.438
2423,70.692,-65.388
2424,70.426,-65.069
2425,78.124,-58.785
2426,78.132,-58.797
2427,77.946,-58.628
2428,77.604,-58.316
2429,74.082,-60.772
2430,74.823,-60.016
2431,73.992,-60.872
2432,73.876,-60.979
2433,73.143,-61.793
2434,74.525,-60.269
2435,70.693,-64.445
2436,70.414,-64.985
2437,71.54,-63.532
2438,71.021,-65.565
2439,78.358,-59.048
2440,77.809,-58.55
2441,76.142,-58.575
2442,75.956,-58.725
2443,75.818,-58.864
2444,75.483,-59.233
2445,72.169,-62.87
2446,71.182,-63.952
2447,72.567,-62.431
2448,76.975,-57.784
2449,76.834,-57.971
2450,77.327,-58.11
2451,74.977,-59.801
2452,73.566,-61.36
2453,73.079,-61.879
2454,72.249,-62.754
2455,71.154,-63.967
2456,76.264,-58.376
2457,72.799,-62.179
2458,73.251,-61.689
2459,71.952,-63.111
2460,72.431,-62.585
2461,70.506,-64.662
2462,71.763,-63.308
2463,79.377,-66.999
2464,79.816,-66.212
2465,70.728,-64.472
2466,48.119,-44.619
2467,59.17,-55.195
2468,48.292,-39.574
2469,44.128,-36.604
2470,13.254,-7.338
2471,15.496,-9.378
2472,5.525,-11.268
2473,-0.923,-0.298
2474,1.52,-3.137
2475,7.915,1.616
2476,60.619,-69.713
2477,60.685,-69.666
2478,60.576,-69.772
2479,59.833,-70.507
2480,59.818,-70.504
2481,60.214,-70.131
2482,66.291,-63.535
2483,65.985,-63.844
2484,73.214,-73.222
2485,73.504,-74.445
2486,69.611,-77.104
2487,69.02,-77.762
2488,68.646,-78.989
2489,69.22,-77.544
2490,68.878,-79.179
2491,69.413,-77.322
2492,69.03,-77.752
2493,67.648,-78.658
2494,67.291,-78.547
2495,67.921,-78.98
2496,68.398,-78.751
2497,67.611,-78.547
2498,67.143,-79.676
2499,67.296,-78.428
2500,68.195,-78.656
2501,67.817,-78.933
2502,68.12,-78.727
2503,70.075,-76.381
2504,65.965,-77.713
2505,65.751,-77.545
2506,65.743,-77.54
2507,66.314,-78.007
2508,66.097,-77.823
2509,66.09,-77.827
2510,66.854,-78.976
2511,66.673,-78.33
2512,66.479,-78.175
2513,66.803,-78.919
2514,67.126,-79.63
2515,70.041,-76.405
2516,70.424,-75.985
2517,70.745,-75.693
2518,70.774,-75.68
2519,71.033,-75.328
2520,71.411,-75
2521,64.358,-76.271
2522,64.379,-76.491
2523,64.31,-76.254
2524,64.636,-76.93
2525,64.874,-77.545
2526,64.878,-77.557
2527,65.261,-77.127
2528,64.86,-77.547
2529,65.275,-77.108
2530,65.333,-77.151
2531,70.843,-75.472
2532,70.991,-75.445
2533,71.269,-75.052
2534,71.41,-74.991
2535,71.71,-74.639
2536,71.764,-74.42
2537,72.142,-74.193
2538,71.908,-74.279
2539,72.274,-74.027
2540,72.974,-74.791
2541,73.071,-73.318
2542,73.583,-72.767
2543,62.887,-75.355
2544,62.843,-75.384
2545,63.174,-75.165
2546,63.097,-75.126
2547,63.332,-75.744
2548,63.748,-76.124
2549,63.768,-76.556
2550,69.575,-77.141
2551,72.128,-74.099
2552,72.437,-73.793
2553,72.479,-73.726
2554,73.319,-73.044
2555,73.518,-72.838
2556,73.657,-72.666
2557,73.853,-72.471
2558,74.062,-72.24
2559,74.385,-71.945
2560,74.313,-71.955
2561,74.789,-72.314
2562,74.78,-72.295
2563,75.164,-72.622
2564,75.082,-72.564
2565,75.55,-72.223
2566,75.032,-70.989
2567,75.045,-71.04
2568,75.379,-70.707
2569,75.339,-70.747
2570,75.249,-70.734
2571,75.593,-70.42
2572,75.494,-70.404
2573,74.443,-69.246
2574,73.491,-68.365
2575,72.833,-67.768
2576,61.871,-74.043
2577,62.171,-74.251
2578,62.081,-74.171
2579,62.149,-74.677
2580,68.943,-79.238
2581,72.976,-74.786
2582,72.963,-67.877
2583,72.483,-67.442
2584,71.896,-66.902
2585,71.347,-66.398
2586,70.79,-65.882
2587,70.49,-65.61
2588,61.289,-72.857
2589,61.65,-73.151
2590,61.754,-73.365
2591,62.461,-74.959
2592,63.789,-76.565
2593,70.427,-75.984
2594,73.981,-72.311
2595,73.999,-68.825
2596,71.371,-66.416
2597,70.698,-65.794
2598,64.738,-77.049
2599,72.431,-67.393
2600,70.145,-65.291
2601,69.909,-65.076
2602,69.556,-64.756
2603,68.969,-64.215
2604,68.051,-63.369
2605,65.429,-65.147
2606,65.69,-64.721
2607,65.823,-64.57
2608,63.773,-66.981
2609,64.095,-66.626
2610,64.444,-66.254
2611,64.438,-66.249
2612,64.811,-65.85
2613,64.79,-65.867
2614,65.113,-65.517
2615,64.957,-65.664
2616,65.28,-65.331
2617,65.372,-65.209
2618,65.548,-64.874
2619,65.599,-64.807
2620,66.07,-64.32
2621,65.877,-64.529
2622,66.232,-64.141
2623,74.672,-69.419
2624,75.892,-71.852
2625,61.998,-73.491
2626,61.787,-73.268
2627,61.576,-73.005
2628,60.978,-73.144
2629,61.116,-72.688
2630,59.836,-72.532
2631,59.987,-72.19
2632,59.686,-71.992
2633,59.458,-71.765
2634,59.503,-71.507
2635,59.836,-71.15
2636,61.51,-69.475
2637,61.484,-69.495
2638,61.731,-69.214
2639,61.838,-69.103
2640,62.046,-68.861
2641,62.086,-68.834
2642,62.285,-68.605
2643,62.345,-68.543
2644,62.623,-68.237
2645,62.556,-68.314
2646,62.677,-68.175
2647,62.852,-67.984
2648,62.925,-67.909
2649,63.1,-67.719
2650,63.082,-67.788
2651,63.167,-67.626
2652,63.299,-67.506
2653,63.549,-67.213
2654,63.675,-67.135
2655,63.924,-66.804
2656,64.258,-66.436
2657,75.505,-70.176
2658,60.929,-72.526
2659,60.291,-72.945
2660,59.866,-72.461
2661,59.685,-71.994
2662,59.682,-71.306
2663,59.961,-70.997
2664,59.948,-70.698
2665,60.955,-72.569
2666,73.448,-68.307
2667,74.808,-69.552
2668,74.169,-68.985
2669,75.342,-70.05
2670,68.03,-63.356
2671,68.488,-63.813
2672,75.245,-69.959
2673,75.89,-71.9
2674,66.582,-63.742
2675,66.734,-63.574
2676,61.037,-69.823
2677,61.764,-73.855
2678,68.814,-64.135
2679,61.055,-69.815
2680,63.337,-75.301
2681,59.371,-71.708
2682,64.437,-76.318
2683,61.722,-73.828
2684,61.108,-69.749
2685,59.637,-72.727
2686,61.876,-74.795
2687,72.645,-74.882
2688,61.887,-74.818
2689,67.159,-63.105
2690,66.938,-63.359
2691,66.85,-63.452
2692,67.271,-62.977
2693,67.192,-63.052
2694,67.85,-63.25
2695,62.972,-75.799
2696,75.633,-71.453
2697,75.445,-71.278
2698,59.578,-72.799
2699,75.486,-71.316
2700,66.609,-78.593
2701,66.397,-63.957
2702,61.589,-73.685
2703,73.767,-74.168
2704,62.946,-75.802
2705,68.524,-78.82
2706,73.849,-74.102
2707,73.529,-73.688
2708,73.528,-73.683
2709,69.204,-79.076
2710,69.898,-76.685
2711,63.995,-76.82
2712,61.318,-73.448
2713,69.794,-76.927
2714,69.445,-78.9
2715,67.179,-79.592
2716,67.455,-79.287
2717,61.28,-73.413
2718,69.446,-78.162
2719,69.786,-78.508
2720,69.494,-78.178
2721,69.797,-78.501
2722,67.486,-79.242
2723,61.452,-69.591
