Id,Image,Time,X,Y,Z,Heading,Roll,Pitch,Camera,Quality,Line,Color,AccuracyXy
24,p000023.jpg,1728323957,85261.5939,446980.4034,1.4806,71.3893,-3.4677,-8.1374,0,1,0,C0;0;0;0;0;0,0.1
25,p000024.jpg,1728323958,85261.29099,446979.9064,1.5106,106.9025,-1.0589,3.0052,0,1,0,C0;0;0;0;0;0,0.1
26,p000025.jpg,1728323960,85260.84833,446979.3362,1.442,139.1135,1.8564,2.4833,0,1,0,C0;0;0;0;0;0,0.1
27,p000026.jpg,1728323961,85260.41772,446978.7548,1.4613,150.6684,-3.3125,0.7289,0,1,0,C0;0;0;0;0;0,0.1
28,p000027.jpg,1728323962,85259.99545,446978.2324,1.4398,123.2023,-4.067,-1.0999,0,1,0,C0;0;0;0;0;0,0.1
29,p000028.jpg,1728323963,85260.24203,446977.6543,1.4539,63.3751,-4.2964,-0.8832,0,1,0,C0;0;0;0;0;0,0.1
30,p000029.jpg,1728323964,85260.98987,446977.2595,1.4251,46.2865,-6.8499,1.8171,0,1,0,C0;0;0;0;0;0,0.1
31,p000030.jpg,1728323965,85261.78821,446976.6896,1.4688,46.0503,-6.163,0.1516,0,1,0,C0;0;0;0;0;0,0.1
32,p000031.jpg,1728323966,85261.99588,446976.2023,1.4616,111.9066,0.4703,-0.1977,0,1,0,C0;0;0;0;0;0,0.1
33,p000032.jpg,1728323967,85261.55688,446976.9083,1.4226,-141.0378,-1.8594,-4.9497,0,1,0,C0;0;0;0;0;0,0.1
34,p000033.jpg,1728323968,85260.8396,446977.5206,1.4553,-133.9851,-6.672,-1.4207,0,1,0,C0;0;0;0;0;0,0.1
35,p000034.jpg,1728323969,85259.99252,446977.7425,1.4607,-161.9824,-5.2552,0.2081,0,1,0,C0;0;0;0;0;0,0.1
36,p000035.jpg,1728323970,85259.17148,446977.3723,1.435,159.8871,-4.9333,-4.2537,0,1,0,C0;0;0;0;0;0,0.1
37,p000036.jpg,1728323971,85258.50665,446976.7927,1.4843,138.2837,-4.4254,0.4642,0,1,0,C0;0;0;0;0;0,0.1
38,p000037.jpg,1728323972,85257.97046,446976.0342,1.4814,124.1601,-4.0974,-2.8948,0,1,0,C0;0;0;0;0;0,0.1
39,p000038.jpg,1728323973,85257.71262,446975.1747,1.4775,109.6042,-5.4002,-0.2206,0,1,0,C0;0;0;0;0;0,0.1
40,p000039.jpg,1728323974,85257.79352,446974.2454,1.4774,90.6015,-3.1444,-2.5576,0,1,0,C0;0;0;0;0;0,0.1
41,p000040.jpg,1728323975,85257.9834,446973.2674,1.476,91.5205,-5.3616,1.4981,0,1,0,C0;0;0;0;0;0,0.1
42,p000041.jpg,1728323976,85257.51926,446972.36,1.4643,129.5926,-1.614,-0.2472,0,1,0,C0;0;0;0;0;0,0.1
43,p000042.jpg,1728323977,85256.66693,446971.8118,1.4681,158.3517,-7.2191,-4.3897,0,1,0,C0;0;0;0;0;0,0.1
44,p000043.jpg,1728323978,85255.70119,446971.7411,1.4905,-166.202,-3.1247,-0.6854,0,1,0,C0;0;0;0;0;0,0.1
45,p000044.jpg,1728323979,85254.9743,446972.1193,1.4449,-134.4166,-2.37,-5.1639,0,1,0,C0;0;0;0;0;0,0.1
46,p000045.jpg,1728323980,85254.23888,446972.7136,1.4729,-124.2804,-3.6209,-5.6395,0,1,0,C0;0;0;0;0;0,0.1
47,p000046.jpg,1728323981,85253.58737,446973.4278,1.4781,-126.2839,-1.7852,-5.7239,0,1,0,C0;0;0;0;0;0,0.1
48,p000047.jpg,1728323982,85253.004,446974.0792,1.4739,-128.2461,-4.8897,-5.6746,0,1,0,C0;0;0;0;0;0,0.1
49,p000048.jpg,1728323983,85252.32556,446974.7975,1.5125,-130.1957,-2.8833,-0.7083,0,1,0,C0;0;0;0;0;0,0.1
50,p000049.jpg,1728323984,85251.66634,446975.4124,1.4843,-120.7992,-1.8041,-4.8415,0,1,0,C0;0;0;0;0;0,0.1
51,p000050.jpg,1728323985,85251.87196,446975.6163,1.4782,-38.5418,-4.5231,-3.9522,0,1,0,C0;0;0;0;0;0,0.1
52,p000051.jpg,1728323986,85252.33702,446974.8408,1.4343,39.1089,-9.1186,-8.8697,0,1,0,C0;0;0;0;0;0,0.1
53,p000052.jpg,1728323987,85252.80838,446974.0442,1.4664,56.7887,-5.4883,-9.3071,0,1,0,C0;0;0;0;0;0,0.1
54,p000053.jpg,1728323988,85253.43649,446973.255,1.4682,52.918,-7.2947,-4.1489,0,1,0,C0;0;0;0;0;0,0.1
55,p000054.jpg,1728323989,85254.18712,446972.5845,1.4562,46.4633,-5.2446,-8.8045,0,1,0,C0;0;0;0;0;0,0.1
56,p000055.jpg,1728323990,85255.06984,446972.0405,1.4392,34.2634,-8.2589,-7.3962,0,1,0,C0;0;0;0;0;0,0.1
57,p000056.jpg,1728323991,85255.94363,446971.658,1.4288,18.761,-10.1337,-9.6451,0,1,0,C0;0;0;0;0;0,0.1
58,p000057.jpg,1728323992,85256.89966,446971.7029,1.4387,-0.2491,-7.5677,-8.4145,0,1,0,C0;0;0;0;0;0,0.1
59,p000058.jpg,1728323993,85257.30173,446971.222,1.4367,65.8426,-1.9711,-3.9664,0,1,0,C0;0;0;0;0;0,0.1
60,p000059.jpg,1728323994,85256.95609,446970.5567,1.4308,130.9279,-5.2706,-10.1162,0,1,0,C0;0;0;0;0;0,0.1
61,p000060.jpg,1728323995,85256.28693,446969.9401,1.4248,150.2221,-6.522,-6.3792,0,1,0,C0;0;0;0;0;0,0.1
62,p000061.jpg,1728323996,85255.31444,446969.446,1.4245,152.5487,-2.2231,-12.1527,0,1,0,C0;0;0;0;0;0,0.1
63,p000062.jpg,1728323997,85254.40849,446968.9205,1.399,153.1337,-7.4691,-14.1053,0,1,0,C0;0;0;0;0;0,0.1
64,p000063.jpg,1728323998,85253.57303,446968.3239,1.4435,150.6136,-1.7732,-3.9084,0,1,0,C0;0;0;0;0;0,0.1
65,p000064.jpg,1728323999,85252.83018,446967.6756,1.4785,143.8359,-0.5392,-0.3117,0,1,0,C0;0;0;0;0;0,0.1
66,p000065.jpg,1728324000,85252.05066,446966.967,1.4775,136.9605,-5.5373,-8.1084,0,1,0,C0;0;0;0;0;0,0.1
67,p000066.jpg,1728324001,85251.26137,446966.2259,1.4608,134.6995,-0.1523,-3.6812,0,1,0,C0;0;0;0;0;0,0.1
68,p000067.jpg,1728324002,85250.62016,446965.395,1.4829,126.2308,-1.9725,-2.2469,0,1,0,C0;0;0;0;0;0,0.1
69,p000068.jpg,1728324003,85249.93274,446964.5341,1.493,128.9957,-1.7284,-2.5446,0,1,0,C0;0;0;0;0;0,0.1
70,p000069.jpg,1728324004,85249.28792,446963.5918,1.4859,128.7305,-1.6326,-1.0994,0,1,0,C0;0;0;0;0;0,0.1
71,p000070.jpg,1728324005,85248.64119,446962.7279,1.4773,131.0669,-0.3528,-0.6037,0,1,0,C0;0;0;0;0;0,0.1
72,p000071.jpg,1728324006,85247.97998,446961.913,1.4904,135.1537,-2.8246,-2.0707,0,1,0,C0;0;0;0;0;0,0.1
73,p000072.jpg,1728324007,85247.19585,446961.1952,1.4867,134.7277,-1.9256,-1.4368,0,1,0,C0;0;0;0;0;0,0.1
74,p000073.jpg,1728324008,85246.47789,446960.5435,1.4612,145.4337,-2.7763,-1.4375,0,1,0,C0;0;0;0;0;0,0.1
75,p000074.jpg,1728324009,85245.81949,446960.6512,1.5001,-164.6016,-5.0287,-3.7603,0,1,0,C0;0;0;0;0;0,0.1
76,p000075.jpg,1728324010,85245.35176,446959.7737,1.4691,134.5622,-2.7669,-5.5062,0,1,0,C0;0;0;0;0;0,0.1
77,p000076.jpg,1728324011,85244.95578,446958.8164,1.4815,125.6558,0.8416,-6.4391,0,1,0,C0;0;0;0;0;0,0.1
78,p000077.jpg,1728324012,85244.44955,446957.7686,1.5154,132.1932,-0.7492,-2.9086,0,1,0,C0;0;0;0;0;0,0.1
79,p000078.jpg,1728324013,85243.75876,446956.8695,1.5036,134.0369,-3.214,-1.9074,0,1,0,C0;0;0;0;0;0,0.1
80,p000079.jpg,1728324014,85242.95796,446956.0284,1.5004,133.0237,-4.4311,-1.647,0,1,0,C0;0;0;0;0;0,0.1
81,p000080.jpg,1728324015,85242.119,446955.4392,1.5086,146.333,-5.1065,-2.2648,0,1,0,C0;0;0;0;0;0,0.1
82,p000081.jpg,1728324016,85241.14493,446955.4832,1.5101,-165.3595,-0.2859,-2.4722,0,1,0,C0;0;0;0;0;0,0.1
83,p000082.jpg,1728324017,85240.30304,446955.8021,1.4912,-140.611,-4.2285,-0.8006,0,1,0,C0;0;0;0;0;0,0.1
84,p000083.jpg,1728324018,85239.55035,446956.3619,1.4669,-133.5883,-1.7871,-5.4528,0,1,0,C0;0;0;0;0;0,0.1
85,p000084.jpg,1728324019,85239.33551,446957.0806,1.4871,-81.5613,-2.0324,-4.5976,0,1,0,C0;0;0;0;0;0,0.1
86,p000085.jpg,1728324020,85239.83485,446957.7887,1.4849,-48.3241,-2.7785,-5.0925,0,1,0,C0;0;0;0;0;0,0.1
87,p000086.jpg,1728324021,85240.45825,446958.5664,1.4913,-46.2635,-2.8384,-5.4172,0,1,0,C0;0;0;0;0;0,0.1
88,p000087.jpg,1728324022,85241.20894,446959.4647,1.4941,-46.4766,-3.8316,-6.5618,0,1,0,C0;0;0;0;0;0,0.1
89,p000088.jpg,1728324023,85241.98016,446960.4066,1.4785,-48.7092,0.7302,-6.293,0,1,0,C0;0;0;0;0;0,0.1
90,p000089.jpg,1728324024,85242.68484,446961.2899,1.4926,-47.9112,-1.6263,-2.7405,0,1,0,C0;0;0;0;0;0,0.1
91,p000090.jpg,1728324025,85243.48868,446962.1603,1.5112,-47.3681,-2.6515,-1.8695,0,1,0,C0;0;0;0;0;0,0.1
92,p000091.jpg,1728324026,85244.22446,446963.0234,1.5082,-47.4865,-2.1469,-3.8999,0,1,0,C0;0;0;0;0;0,0.1
93,p000092.jpg,1728324027,85244.91655,446963.8865,1.5157,-46.8285,-1.7712,-1.3309,0,1,0,C0;0;0;0;0;0,0.1
94,p000093.jpg,1728324028,85245.59129,446964.7255,1.4959,-50.2198,-1.7936,-1.138,0,1,0,C0;0;0;0;0;0,0.1
95,p000094.jpg,1728324029,85246.27969,446965.6486,1.5005,-52.3286,-4.5065,-4.1802,0,1,0,C0;0;0;0;0;0,0.1
96,p000095.jpg,1728324030,85246.95279,446966.5004,1.5307,-47.6608,-0.9057,-3.4919,0,1,0,C0;0;0;0;0;0,0.1
97,p000096.jpg,1728324031,85247.62325,446967.3224,1.5277,-49.6254,-1.6524,-0.2617,0,1,0,C0;0;0;0;0;0,0.1
98,p000097.jpg,1728324032,85248.44783,446967.6455,1.4913,-2.2733,0.8992,-0.8656,0,1,0,C0;0;0;0;0;0,0.1
99,p000098.jpg,1728324033,85249.11047,446967.1497,1.5076,44.0656,-0.3805,-3.1835,0,1,0,C0;0;0;0;0;0,0.1
100,p000099.jpg,1728324034,85249.78256,446966.4981,1.5027,44.8728,-1.9352,-4.7396,0,1,0,C0;0;0;0;0;0,0.1
101,p000100.jpg,1728324035,85250.35805,446965.8013,1.5058,62.6322,-0.8634,-0.8257,0,1,0,C0;0;0;0;0;0,0.1
102,p000101.jpg,1728324036,85250.13818,446964.9399,1.4747,112.7382,-2.6854,-3.7024,0,1,0,C0;0;0;0;0;0,0.1
103,p000102.jpg,1728324037,85249.60126,446964.1204,1.4868,128.1016,-4.5075,-4.4761,0,1,0,C0;0;0;0;0;0,0.1
104,p000103.jpg,1728324039,85248.90689,446963.2417,1.4853,132.955,-2.7456,-4.5844,0,1,0,C0;0;0;0;0;0,0.1
105,p000104.jpg,1728324040,85248.25218,446962.3924,1.4732,134.842,-3.0684,-3.6344,0,1,0,C0;0;0;0;0;0,0.1
106,p000105.jpg,1728324041,85247.47331,446961.5066,1.4815,136.8103,-1.0855,-5.8519,0,1,0,C0;0;0;0;0;0,0.1
107,p000106.jpg,1728324042,85246.76935,446960.6351,1.5092,133.8034,-1.3147,-4.6589,0,1,0,C0;0;0;0;0;0,0.1
108,p000107.jpg,1728324043,85246.0295,446959.7338,1.5052,131.787,-4.1843,-3.3325,0,1,0,C0;0;0;0;0;0,0.1
109,p000108.jpg,1728324044,85245.27367,446958.9115,1.4928,131.1987,-2.5214,-3.236,0,1,0,C0;0;0;0;0;0,0.1
110,p000109.jpg,1728324045,85244.6302,446958.0317,1.4828,129.074,-2.8955,-4.1987,0,1,0,C0;0;0;0;0;0,0.1
111,p000110.jpg,1728324046,85243.92331,446957.1095,1.4993,129.6209,-1.6306,-5.1662,0,1,0,C0;0;0;0;0;0,0.1
112,p000111.jpg,1728324047,85243.20969,446956.2416,1.453,130.3382,1.2949,-5.5104,0,1,0,C0;0;0;0;0;0,0.1
113,p000112.jpg,1728324048,85242.54173,446955.3848,1.4393,131.7721,2.6308,-3.484,0,1,0,C0;0;0;0;0;0,0.1
114,p000113.jpg,1728324049,85241.87125,446954.4802,1.4307,133.8613,3.0163,-6.8425,0,1,0,C0;0;0;0;0;0,0.1
115,p000114.jpg,1728324050,85241.15878,446953.5392,1.437,133.587,-1.4615,-4.7939,0,1,0,C0;0;0;0;0;0,0.1
116,p000115.jpg,1728324051,85240.41103,446952.6528,1.4365,134.0619,0.7354,-4.2905,0,1,0,C0;0;0;0;0;0,0.1
117,p000116.jpg,1728324052,85239.55382,446951.7228,1.4216,133.4252,0.9012,-4.7479,0,1,0,C0;0;0;0;0;0,0.1
118,p000117.jpg,1728324053,85238.81224,446950.7478,1.4392,130.4159,-1.8849,-2.679,0,1,0,C0;0;0;0;0;0,0.1
119,p000118.jpg,1728324054,85238.03857,446949.7491,1.4449,128.5035,-1.6997,-6.6901,0,1,0,C0;0;0;0;0;0,0.1
120,p000119.jpg,1728324055,85237.34966,446948.7011,1.4634,123.2061,-3.3377,-4.9465,0,1,0,C0;0;0;0;0;0,0.1
121,p000120.jpg,1728324056,85236.5177,446947.6371,1.4456,127.1388,-1.2602,-6.1765,0,1,0,C0;0;0;0;0;0,0.1
122,p000121.jpg,1728324057,85235.62743,446946.5876,1.418,127.1473,-1.7645,-4.4771,0,1,0,C0;0;0;0;0;0,0.1
123,p000122.jpg,1728324058,85234.84866,446945.5765,1.4208,128.615,-0.4063,-4.6313,0,1,0,C0;0;0;0;0;0,0.1
124,p000123.jpg,1728324059,85233.95117,446944.5485,1.4372,131.7341,1.0858,-5.8614,0,1,0,C0;0;0;0;0;0,0.1
125,p000124.jpg,1728324060,85233.11282,446943.5728,1.4379,131.0397,0.4619,-8.1232,0,1,0,C0;0;0;0;0;0,0.1
126,p000125.jpg,1728324061,85232.28845,446942.5136,1.4545,128.8307,-0.09,-8.1531,0,1,0,C0;0;0;0;0;0,0.1
127,p000126.jpg,1728324062,85231.42003,446941.4268,1.4515,128.2607,0.6363,-6.2325,0,1,0,C0;0;0;0;0;0,0.1
128,p000127.jpg,1728324063,85230.59053,446940.4251,1.4569,129.3713,-1.0637,-3.3764,0,1,0,C0;0;0;0;0;0,0.1
129,p000128.jpg,1728324064,85229.71622,446939.4026,1.4384,129.3781,-0.3762,-6.7185,0,1,0,C0;0;0;0;0;0,0.1
130,p000129.jpg,1728324065,85228.92232,446938.3041,1.435,126.3003,-2.3773,-5.8171,0,1,0,C0;0;0;0;0;0,0.1
131,p000130.jpg,1728324066,85228.12685,446937.3243,1.4505,129.0735,-2.7557,-7.1839,0,1,0,C0;0;0;0;0;0,0.1
132,p000131.jpg,1728324067,85227.15271,446936.7166,1.4463,158.205,-0.1877,-7.5594,0,1,0,C0;0;0;0;0;0,0.1
133,p000132.jpg,1728324068,85226.21426,446936.8822,1.4258,-154.5979,-1.4797,-5.7191,0,1,0,C0;0;0;0;0;0,0.1
134,p000133.jpg,1728324069,85225.75372,446937.2971,1.4174,-119.5863,0.216,-11.105,0,1,0,C0;0;0;0;0;0,0.1
135,p000134.jpg,1728324070,85225.38939,446937.5147,1.4019,-121.4812,-1.422,-12.748,0,1,0,C0;0;0;0;0;0,0.1
136,p000135.jpg,1728324071,85224.98955,446937.9108,1.4234,-128.0277,-2.0487,-9.5696,0,1,0,C0;0;0;0;0;0,0.1
137,p000136.jpg,1728324072,85224.76041,446938.2959,1.4385,-138.474,-4.2973,-9.6541,0,1,0,C0;0;0;0;0;0,0.1
138,p000137.jpg,1728324073,85224.56248,446938.1884,1.4623,-177.4793,-3.6204,-8.1218,0,1,0,C0;0;0;0;0;0,0.1
139,p000138.jpg,1728324074,85224.27214,446938.0212,1.4355,-178.6005,-0.7588,-10.7493,0,1,0,C0;0;0;0;0;0,0.1
140,p000139.jpg,1728324075,85223.67392,446938.3741,1.4678,-147.3614,0.9535,-4.7706,0,1,0,C0;0;0;0;0;0,0.1
141,p000140.jpg,1728324076,85223.16698,446939.0108,1.4817,-128.1831,-1.8077,-5.5078,0,1,0,C0;0;0;0;0;0,0.1
142,p000141.jpg,1728324077,85223.08379,446939.7875,1.4757,-85.6775,-1.2902,-4.2385,0,1,0,C0;0;0;0;0;0,0.1
143,p000142.jpg,1728324078,85223.44753,446940.5275,1.4527,-47.8353,-0.4131,-5.8451,0,1,0,C0;0;0;0;0;0,0.1
144,p000143.jpg,1728324079,85224.13197,446941.3514,1.472,-44.9774,0.6891,-7.0591,0,1,0,C0;0;0;0;0;0,0.1
145,p000144.jpg,1728324080,85224.86548,446942.1976,1.4864,-44.005,-0.4069,-4.6245,0,1,0,C0;0;0;0;0;0,0.1
146,p000145.jpg,1728324081,85225.59959,446943.0782,1.5033,-44.8488,1.019,-4.833,0,1,0,C0;0;0;0;0;0,0.1
147,p000146.jpg,1728324082,85226.30377,446943.9749,1.4817,-46.8965,0.7106,-3.2939,0,1,0,C0;0;0;0;0;0,0.1
148,p000147.jpg,1728324083,85226.97041,446944.844,1.489,-48.5307,-1.852,-2.9964,0,1,0,C0;0;0;0;0;0,0.1
149,p000148.jpg,1728324084,85227.58347,446945.6957,1.5053,-48.0618,-4.588,-2.685,0,1,0,C0;0;0;0;0;0,0.1
150,p000149.jpg,1728324085,85228.19122,446945.9609,1.5067,9.84,1.0613,1.758,0,1,0,C0;0;0;0;0;0,0.1
151,p000150.jpg,1728324086,85227.80502,446945.7957,1.4626,124.2083,-0.9609,-6.7199,0,1,0,C0;0;0;0;0;0,0.1
152,p000151.jpg,1728324087,85227.3472,446945.2518,1.468,133.9049,0.0294,-7.0784,0,1,0,C0;0;0;0;0;0,0.1
153,p000152.jpg,1728324088,85226.67995,446944.4417,1.4565,134.9346,-1.5848,-5.652,0,1,0,C0;0;0;0;0;0,0.1
154,p000153.jpg,1728324089,85225.87494,446943.6053,1.4631,136.6004,-0.9936,-4.7831,0,1,0,C0;0;0;0;0;0,0.1
155,p000154.jpg,1728324090,85225.16283,446942.7753,1.4737,133.9167,-2.1098,-5.13,0,1,0,C0;0;0;0;0;0,0.1
156,p000155.jpg,1728324091,85224.41827,446941.9459,1.4978,135.873,-1.1634,-5.5881,0,1,0,C0;0;0;0;0;0,0.1
157,p000156.jpg,1728324092,85223.64656,446941.0431,1.4808,132.7643,0.655,-5.9967,0,1,0,C0;0;0;0;0;0,0.1
158,p000157.jpg,1728324093,85223.12521,446940.1398,1.4776,118.3704,-3.1276,-4.1317,0,1,0,C0;0;0;0;0;0,0.1
159,p000158.jpg,1728324094,85223.21298,446939.2174,1.4598,77.6132,-3.3283,-7.5289,0,1,0,C0;0;0;0;0;0,0.1
160,p000159.jpg,1728324095,85223.88441,446938.5366,1.4805,49.9581,1.2389,-6.721,0,1,0,C0;0;0;0;0;0,0.1
161,p000160.jpg,1728324096,85224.65778,446937.9506,1.477,51.2235,0.1542,-7.5502,0,1,0,C0;0;0;0;0;0,0.1
162,p000161.jpg,1728324097,85225.04126,446937.7236,1.4822,61.0841,0.8751,-6.3111,0,1,0,C0;0;0;0;0;0,0.1
163,p000162.jpg,1728324098,85224.79083,446938.0175,1.4861,54.7504,-1.6861,-7.1838,0,1,0,C0;0;0;0;0;0,0.1
164,p000163.jpg,1728324099,85225.26575,446937.5656,1.4837,59.7377,3.3709,-10.009,0,1,0,C0;0;0;0;0;0,0.1
165,p000164.jpg,1728324100,85225.92603,446936.8792,1.4942,44.0931,-0.5552,-4.2339,0,1,0,C0;0;0;0;0;0,0.1
166,p000165.jpg,1728324101,85226.32413,446936.2078,1.5019,68.9734,-4.2278,-3.6966,0,1,0,C0;0;0;0;0;0,0.1
167,p000166.jpg,1728324102,85225.92249,446935.5646,1.5012,116.9224,-4.2868,-5.5446,0,1,0,C0;0;0;0;0;0,0.1
168,p000167.jpg,1728324103,85225.25247,446934.7661,1.4848,131.3513,-2.7463,-6.3056,0,1,0,C0;0;0;0;0;0,0.1
169,p000168.jpg,1728324104,85224.67973,446933.9953,1.4812,130.7449,-1.2546,-6.7535,0,1,0,C0;0;0;0;0;0,0.1
170,p000169.jpg,1728324105,85224.02402,446933.1172,1.486,130.1462,-1.8443,-6.5566,0,1,0,C0;0;0;0;0;0,0.1
171,p000170.jpg,1728324106,85223.2493,446932.1962,1.4971,134.7752,-0.4662,-6.1989,0,1,0,C0;0;0;0;0;0,0.1
172,p000171.jpg,1728324107,85222.55002,446931.3101,1.4569,132.5519,1.307,-5.4353,0,1,0,C0;0;0;0;0;0,0.1
173,p000172.jpg,1728324108,85221.86771,446930.4313,1.4866,128.0211,-5.6201,-4.3029,0,1,0,C0;0;0;0;0;0,0.1
174,p000173.jpg,1728324109,85221.12491,446929.4987,1.5053,127.9676,-3.8689,-5.2837,0,1,0,C0;0;0;0;0;0,0.1
175,p000174.jpg,1728324110,85220.38979,446928.6741,1.5051,127.3705,-5.0054,-3.2447,0,1,0,C0;0;0;0;0;0,0.1
176,p000175.jpg,1728324111,85219.69516,446927.9124,1.4983,132.3434,-2.4173,-2.8134,0,1,0,C0;0;0;0;0;0,0.1
177,p000176.jpg,1728324112,85219.1058,446927.2136,1.4911,140.964,-0.1608,-3.9742,0,1,0,C0;0;0;0;0;0,0.1
178,p000177.jpg,1728324113,85218.52731,446927.1808,1.4778,-152.063,-0.7206,-5.612,0,1,0,C0;0;0;0;0;0,0.1
179,p000178.jpg,1728324114,85218.03275,446927.6903,1.4964,-127.6652,1.4562,-5.7118,0,1,0,C0;0;0;0;0;0,0.1
180,p000179.jpg,1728324115,85217.60016,446928.2803,1.4793,-123.5742,-1.3366,-7.8292,0,1,0,C0;0;0;0;0;0,0.1
181,p000180.jpg,1728324117,85217.31689,446928.8327,1.5036,-125.7629,-2.0815,-7.7944,0,1,0,C0;0;0;0;0;0,0.1
182,p000181.jpg,1728324118,85217.04163,446929.3417,1.494,-122.2787,-0.656,-7.7706,0,1,0,C0;0;0;0;0;0,0.1
183,p000182.jpg,1728324119,85216.92793,446930.0195,1.5268,-116.9544,-3.2564,-3.9146,0,1,0,C0;0;0;0;0;0,0.1
184,p000183.jpg,1728324120,85216.57951,446930.7818,1.5089,-132.887,-4.2134,-8.3576,0,1,0,C0;0;0;0;0;0,0.1
185,p000184.jpg,1728324121,85215.85693,446931.4075,1.5221,-146.0552,-4.95,-5.0087,0,1,0,C0;0;0;0;0;0,0.1
186,p000185.jpg,1728324122,85215.11153,446931.9874,1.5147,-134.4665,-2.4622,-4.4026,0,1,0,C0;0;0;0;0;0,0.1
187,p000186.jpg,1728324123,85214.85413,446932.6183,1.5021,-79.6545,-1.0867,-6.055,0,1,0,C0;0;0;0;0;0,0.1
188,p000187.jpg,1728324124,85215.05531,446933.0473,1.503,-42.5485,-1.7196,-6.5622,0,1,0,C0;0;0;0;0;0,0.1
189,p000188.jpg,1728324125,85215.48511,446933.5908,1.5314,-43.0852,1.652,-6.7727,0,1,0,C0;0;0;0;0;0,0.1
190,p000189.jpg,1728324126,85215.98076,446934.243,1.5537,-46.3484,-2.5942,-4.5054,0,1,0,C0;0;0;0;0;0,0.1
191,p000190.jpg,1728324127,85216.38538,446934.6964,1.5653,-34.2897,1.1962,-6.5695,0,1,0,C0;0;0;0;0;0,0.1
192,p000191.jpg,1728324128,85216.8434,446935.2239,1.5403,-45.5489,-3.1112,-3.3338,0,1,0,C0;0;0;0;0;0,0.1
193,p000192.jpg,1728324129,85217.42172,446935.8518,1.5633,-48.9522,-4.2618,-0.4883,0,1,0,C0;0;0;0;0;0,0.1
194,p000193.jpg,1728324130,85218.08047,446936.2062,1.5536,-17.7203,-3.4079,-1.1356,0,1,0,C0;0;0;0;0;0,0.1
195,p000194.jpg,1728324131,85218.48195,446935.8972,1.5457,37.6025,-2.4819,-2.752,0,1,0,C0;0;0;0;0;0,0.1
196,p000195.jpg,1728324132,85219.10966,446935.4143,1.5225,42.0096,0.5395,-5.6478,0,1,0,C0;0;0;0;0;0,0.1
197,p000196.jpg,1728324133,85219.82774,446934.8534,1.5362,46.3581,-2.0844,-4.4925,0,1,0,C0;0;0;0;0;0,0.1
198,p000197.jpg,1728324134,85220.24692,446934.2541,1.5395,74.7706,0.7121,-1.3371,0,1,0,C0;0;0;0;0;0,0.1
199,p000198.jpg,1728324135,85219.92111,446933.9204,1.5123,131.9393,-1.0419,-5.1681,0,1,0,C0;0;0;0;0;0,0.1
200,p000199.jpg,1728324136,85219.44586,446933.3251,1.4954,139.8129,-1.8476,-6.054,0,1,0,C0;0;0;0;0;0,0.1
201,p000200.jpg,1728324137,85218.76389,446932.5993,1.5233,137.8403,1.3355,-7.3512,0,1,0,C0;0;0;0;0;0,0.1
202,p000201.jpg,1728324138,85218.17642,446931.8781,1.515,129.5754,0.9534,-4.7087,0,1,0,C0;0;0;0;0;0,0.1
203,p000202.jpg,1728324139,85217.58804,446931.0786,1.5088,126.2377,-1.1011,-5.9091,0,1,0,C0;0;0;0;0;0,0.1
204,p000203.jpg,1728324140,85217.11192,446930.2083,1.5232,111.3771,-0.3046,-8.0718,0,1,0,C0;0;0;0;0;0,0.1
205,p000204.jpg,1728324141,85217.06798,446929.2982,1.5261,83.6193,-2.4938,-5.2008,0,1,0,C0;0;0;0;0;0,0.1
206,p000205.jpg,1728324142,85217.39572,446928.4204,1.505,62.7521,-0.0151,-6.154,0,1,0,C0;0;0;0;0;0,0.1
207,p000206.jpg,1728324143,85218.00964,446927.6593,1.5106,45.7334,1.2578,-4.8611,0,1,0,C0;0;0;0;0;0,0.1
208,p000207.jpg,1728324144,85218.59299,446927.0114,1.5065,55.1367,1.415,-3.5033,0,1,0,C0;0;0;0;0;0,0.1
209,p000208.jpg,1728324145,85218.53326,446926.3782,1.4837,113.7228,0.1781,-6.9634,0,1,0,C0;0;0;0;0;0,0.1
210,p000209.jpg,1728324146,85218.13811,446925.8199,1.4904,123.4091,-2.1846,-4.3206,0,1,0,C0;0;0;0;0;0,0.1
211,p000210.jpg,1728324147,85217.59927,446925.0545,1.5126,128.5363,-1.732,-3.214,0,1,0,C0;0;0;0;0;0,0.1
212,p000211.jpg,1728324148,85217.0267,446924.4938,1.4792,146.4436,-1.5217,-5.1619,0,1,0,C0;0;0;0;0;0,0.1
213,p000212.jpg,1728324149,85216.51262,446924.3468,1.4805,176.6381,-2.4885,-6.2911,0,1,0,C0;0;0;0;0;0,0.1
214,p000213.jpg,1728324150,85216.10078,446923.9899,1.466,139.1453,-0.7891,-9.2923,0,1,0,C0;0;0;0;0;0,0.1
215,p000214.jpg,1728324151,85215.51694,446923.1692,1.4674,122.9982,-1.6767,-6.573,0,1,0,C0;0;0;0;0;0,0.1
216,p000215.jpg,1728324152,85214.82652,446922.2204,1.4969,126.0841,-1.1017,-4.751,0,1,0,C0;0;0;0;0;0,0.1
217,p000216.jpg,1728324153,85214.11887,446921.3202,1.4896,132.7767,1.2077,-5.305,0,1,0,C0;0;0;0;0;0,0.1
218,p000217.jpg,1728324154,85213.46146,446920.3787,1.4937,131.1267,0.9952,-4.812,0,1,0,C0;0;0;0;0;0,0.1
219,p000218.jpg,1728324155,85212.78387,446919.4904,1.4859,131.1694,-0.5946,-6.9532,0,1,0,C0;0;0;0;0;0,0.1
220,p000219.jpg,1728324156,85212.10373,446918.6862,1.5081,131.7202,-1.5784,-6.0998,0,1,0,C0;0;0;0;0;0,0.1
221,p000220.jpg,1728324157,85211.42853,446917.8961,1.4962,130.5336,-2.6855,-4.7166,0,1,0,C0;0;0;0;0;0,0.1
222,p000221.jpg,1728324158,85210.77267,446917.0865,1.5006,127.9913,-5.6061,-4.7481,0,1,0,C0;0;0;0;0;0,0.1
223,p000222.jpg,1728324159,85210.10535,446916.2054,1.5012,129.5771,-1.9355,-7.1689,0,1,0,C0;0;0;0;0;0,0.1
224,p000223.jpg,1728324160,85209.39195,446915.3764,1.483,130.6108,-1.5845,-5.5789,0,1,0,C0;0;0;0;0;0,0.1
225,p000224.jpg,1728324161,85208.64389,446914.5337,1.4606,131.122,2.3492,-5.2293,0,1,0,C0;0;0;0;0;0,0.1
226,p000225.jpg,1728324162,85207.94249,446913.6162,1.4726,133.0885,1.2539,-8.6333,0,1,0,C0;0;0;0;0;0,0.1
227,p000226.jpg,1728324163,85207.20432,446912.7152,1.4709,133.5942,2.9653,-6.2254,0,1,0,C0;0;0;0;0;0,0.1
228,p000227.jpg,1728324164,85206.48914,446911.8302,1.4638,132.9394,-0.825,-6.6748,0,1,0,C0;0;0;0;0;0,0.1
229,p000228.jpg,1728324165,85205.7854,446910.972,1.4658,128.5693,-1.6184,-6.6642,0,1,0,C0;0;0;0;0;0,0.1
230,p000229.jpg,1728324166,85205.18939,446910.0553,1.4864,124.5323,-0.3914,-4.9746,0,1,0,C0;0;0;0;0;0,0.1
231,p000230.jpg,1728324167,85204.56636,446909.1121,1.4849,128.9819,1.5893,-6.0336,0,1,0,C0;0;0;0;0;0,0.1
232,p000231.jpg,1728324168,85203.97797,446908.3355,1.4547,132.3356,-1.0702,-1.9791,0,1,0,C0;0;0;0;0;0,0.1
233,p000232.jpg,1728324169,85203.17316,446907.7542,1.4532,160.0722,1.133,-6.789,0,1,0,C0;0;0;0;0;0,0.1
234,p000233.jpg,1728324170,85202.2756,446907.7583,1.4543,-153.8982,0.7518,-7.7373,0,1,0,C0;0;0;0;0;0,0.1
235,p000234.jpg,1728324171,85201.77286,446908.0287,1.4505,-149.3498,1.8985,-9.2388,0,1,0,C0;0;0;0;0;0,0.1
236,p000235.jpg,1728324172,85201.39711,446908.219,1.4701,-147.4611,-0.3592,-10.1306,0,1,0,C0;0;0;0;0;0,0.1
237,p000236.jpg,1728324173,85201.03952,446908.3502,1.4877,178.5577,1.9379,-7.0228,0,1,0,C0;0;0;0;0;0,0.1
238,p000237.jpg,1728324174,85200.41325,446908.1797,1.4834,150.3223,-1.6092,-3.6655,0,1,0,C0;0;0;0;0;0,0.1
239,p000238.jpg,1728324175,85200.32602,446907.9618,1.4595,112.8091,0.1313,-8.9994,0,1,0,C0;0;0;0;0;0,0.1
240,p000239.jpg,1728324176,85200.15009,446907.2069,1.5417,127.7907,1.8834,-7.2824,0,1,0,C0;0;0;0;0;0,0.1
241,p000240.jpg,1728324177,85199.66335,446906.5657,1.6946,131.9967,0.778,-7.8212,0,1,0,C0;0;0;0;0;0,0.1
242,p000241.jpg,1728324178,85199.13527,446905.8542,1.7925,133.0065,-2.4718,-7.0318,0,1,0,C0;0;0;0;0;0,0.1
243,p000242.jpg,1728324179,85198.67737,446905.3671,1.8747,128.8888,-0.9778,-7.3785,0,1,0,C0;0;0;0;0;0,0.1
244,p000243.jpg,1728324180,85198.13658,446904.7184,1.8998,130.9903,-1.2303,-5.7583,0,1,0,C0;0;0;0;0;0,0.1
245,p000244.jpg,1728324181,85197.70718,446904.1434,2.0399,134.5091,0.1697,-7.4373,0,1,0,C0;0;0;0;0;0,0.1
246,p000245.jpg,1728324182,85197.17654,446903.6421,2.0541,139.7797,-4.2163,-8.1488,0,1,0,C0;0;0;0;0;0,0.1
247,p000246.jpg,1728324183,85196.8479,446903.371,2.2024,165.7097,-2.4715,-6.4758,0,1,0,C0;0;0;0;0;0,0.1
248,p000247.jpg,1728324184,85196.50546,446903.4961,2.2151,-139.3605,-1.7452,-6.6869,0,1,0,C0;0;0;0;0;0,0.1
249,p000248.jpg,1728324185,85196.08118,446903.8588,2.2046,-133.0175,-2.422,-5.2277,0,1,0,C0;0;0;0;0;0,0.1
250,p000249.jpg,1728324186,85195.59338,446904.2737,2.2108,-135.8396,-4.1758,-7.1156,0,1,0,C0;0;0;0;0;0,0.1
251,p000250.jpg,1728324187,85195.05341,446904.7259,2.2071,-135.5738,-3.1433,-6.7735,0,1,0,C0;0;0;0;0;0,0.1
252,p000251.jpg,1728324188,85194.51044,446905.181,2.2116,-135.1322,-1.4435,-5.7477,0,1,0,C0;0;0;0;0;0,0.1
253,p000252.jpg,1728324189,85193.90831,446905.6907,2.2131,-134.0298,-0.0492,-5.3632,0,1,0,C0;0;0;0;0;0,0.1
254,p000253.jpg,1728324190,85193.30162,446906.1769,2.1974,-138.249,-1.4589,-7.4148,0,1,0,C0;0;0;0;0;0,0.1
255,p000254.jpg,1728324191,85192.63101,446906.6809,2.2198,-139.6168,-3.8763,-4.5205,0,1,0,C0;0;0;0;0;0,0.1
256,p000255.jpg,1728324192,85192.01068,446907.2112,2.1907,-138.7562,-3.2531,-8.2197,0,1,0,C0;0;0;0;0;0,0.1
257,p000256.jpg,1728324193,85191.37132,446907.7262,2.1908,-135.2099,-1.4486,-6.7132,0,1,0,C0;0;0;0;0;0,0.1
258,p000257.jpg,1728324195,85190.67068,446908.3142,2.1835,-135.99,-0.6515,-5.5363,0,1,0,C0;0;0;0;0;0,0.1
259,p000258.jpg,1728324196,85190.01994,446908.8633,2.1515,-138.7289,-0.6174,-6.9519,0,1,0,C0;0;0;0;0;0,0.1
260,p000259.jpg,1728324197,85189.35452,446909.3661,2.1772,-137.2878,-3.397,-6.6696,0,1,0,C0;0;0;0;0;0,0.1
261,p000260.jpg,1728324198,85188.79282,446909.8937,2.1899,-132.6846,-0.2929,-4.3255,0,1,0,C0;0;0;0;0;0,0.1
262,p000261.jpg,1728324199,85188.87823,446910.3558,2.1612,-66.6161,-1.6056,-8.2113,0,1,0,C0;0;0;0;0;0,0.1
263,p000262.jpg,1728324200,85189.25632,446910.8121,2.0411,-53.4807,-5.0907,-4.8585,0,1,0,C0;0;0;0;0;0,0.1
264,p000263.jpg,1728324201,85189.92834,446911.4749,1.9987,-53.936,-3.8754,-6.2533,0,1,0,C0;0;0;0;0;0,0.1
265,p000264.jpg,1728324202,85190.40002,446912.0594,1.872,-48.3945,-3.8452,0.3053,0,1,0,C0;0;0;0;0;0,0.1
266,p000265.jpg,1728324203,85190.88911,446912.6531,1.8425,-47.8714,-1.8985,-4.8105,0,1,0,C0;0;0;0;0;0,0.1
267,p000266.jpg,1728324204,85191.37836,446913.2598,1.7047,-49.485,-1.1861,1.0177,0,1,0,C0;0;0;0;0;0,0.1
268,p000267.jpg,1728324205,85191.86661,446913.8786,1.6397,-53.1532,-5.0378,-4.0978,0,1,0,C0;0;0;0;0;0,0.1
269,p000268.jpg,1728324206,85192.26195,446914.2589,1.644,-44.8032,-4.5571,-2.7014,0,1,0,C0;0;0;0;0;0,0.1
270,p000269.jpg,1728324207,85192.66516,446914.4863,1.4522,-16.8036,-5.5669,-1.5817,0,1,0,C0;0;0;0;0;0,0.1
271,p000270.jpg,1728324208,85193.03871,446914.0681,1.441,40.5996,-2.0658,-4.8554,0,1,0,C0;0;0;0;0;0,0.1
272,p000271.jpg,1728324209,85193.54556,446913.4871,1.4358,45.0109,-1.8666,-2.7641,0,1,0,C0;0;0;0;0;0,0.1
273,p000272.jpg,1728324210,85194.30698,446912.7415,1.4477,49.1249,1.7064,-5.4108,0,1,0,C0;0;0;0;0;0,0.1
274,p000273.jpg,1728324211,85195.21748,446912.0736,1.4689,47.5799,-2.5593,-3.053,0,1,0,C0;0;0;0;0;0,0.1
275,p000274.jpg,1728324212,85195.98041,446911.4125,1.4817,49.9184,-0.9156,-3.387,0,1,0,C0;0;0;0;0;0,0.1
276,p000275.jpg,1728324213,85196.71884,446910.7534,1.4982,47.0874,1.031,-3.4175,0,1,0,C0;0;0;0;0;0,0.1
277,p000276.jpg,1728324214,85197.61572,446910.1078,1.4659,40.7514,2.342,-6.5713,0,1,0,C0;0;0;0;0;0,0.1
278,p000277.jpg,1728324215,85198.52248,446909.5174,1.4617,40.5809,-0.7364,-8.0651,0,1,0,C0;0;0;0;0;0,0.1
279,p000278.jpg,1728324216,85199.4379,446909.0981,1.4841,35.8829,-1.5463,-6.4315,0,1,0,C0;0;0;0;0;0,0.1
280,p000279.jpg,1728324217,85200.27887,446908.4993,1.4687,47.2302,-0.9707,-2.9812,0,1,0,C0;0;0;0;0;0,0.1
281,p000280.jpg,1728324218,85200.72867,446907.994,1.5073,58.6144,-1.6619,-7.2496,0,1,0,C0;0;0;0;0;0,0.1
282,p000281.jpg,1728324219,85200.98546,446908.0599,1.4927,16.1832,-2.8367,-6.1509,0,1,0,C0;0;0;0;0;0,0.1
283,p000282.jpg,1728324220,85201.69028,446907.9097,1.4933,33.684,0.7853,-6.521,0,1,0,C0;0;0;0;0;0,0.1
284,p000283.jpg,1728324221,85202.37888,446907.4409,1.4686,43.3723,1.2733,-5.296,0,1,0,C0;0;0;0;0;0,0.1
285,p000284.jpg,1728324222,85203.04156,446906.7002,1.5001,45.8134,-3.4824,-6.1966,0,1,0,C0;0;0;0;0;0,0.1
286,p000285.jpg,1728324223,85203.7952,446905.945,1.4641,42.4868,-3.6317,-6.8232,0,1,0,C0;0;0;0;0;0,0.1
287,p000286.jpg,1728324224,85204.57446,446905.2491,1.4684,39.173,-3.9349,-6.1103,0,1,0,C0;0;0;0;0;0,0.1
288,p000287.jpg,1728324225,85205.39769,446904.5599,1.4911,36.0242,-2.5116,-6.7765,0,1,0,C0;0;0;0;0;0,0.1
289,p000288.jpg,1728324226,85206.19781,446903.9587,1.4709,42.4075,-1.0782,-4.0671,0,1,0,C0;0;0;0;0;0,0.1
290,p000289.jpg,1728324227,85206.85535,446903.371,1.4743,56.3174,-0.6364,-6.9057,0,1,0,C0;0;0;0;0;0,0.1
291,p000290.jpg,1728324228,85207.07059,446902.714,1.4807,96.9814,3.0118,-5.3983,0,1,0,C0;0;0;0;0;0,0.1
292,p000291.jpg,1728324229,85206.74626,446902.1036,1.4529,128.5187,-3.0449,-6.6563,0,1,0,C0;0;0;0;0;0,0.1
293,p000292.jpg,1728324230,85206.23222,446901.511,1.4654,135.873,-0.725,-7.3997,0,1,0,C0;0;0;0;0;0,0.1
294,p000293.jpg,1728324231,85205.79301,446900.9039,1.4449,134.5627,-2.0743,-7.922,0,1,0,C0;0;0;0;0;0,0.1
295,p000294.jpg,1728324232,85205.37219,446900.2691,1.4646,135.8893,0.3014,-6.7148,0,1,0,C0;0;0;0;0;0,0.1
296,p000295.jpg,1728324233,85204.93326,446899.7557,1.4592,139.6816,-1.7189,-9.0727,0,1,0,C0;0;0;0;0;0,0.1
297,p000296.jpg,1728324234,85204.45,446899.8071,1.4562,-152.474,-4.2963,-5.4025,0,1,0,C0;0;0;0;0;0,0.1
298,p000297.jpg,1728324235,85203.86537,446900.2902,1.4679,-129.6086,-0.1753,-6.3926,0,1,0,C0;0;0;0;0;0,0.1
299,p000298.jpg,1728324236,85203.15326,446901.0042,1.4744,-129.9071,-1.7329,-7.0797,0,1,0,C0;0;0;0;0;0,0.1
300,p000299.jpg,1728324237,85202.4337,446901.8135,1.4817,-127.9144,-0.2978,-6.2247,0,1,0,C0;0;0;0;0;0,0.1
301,p000300.jpg,1728324238,85201.66577,446902.592,1.4782,-129.4409,-0.7725,-4.0292,0,1,0,C0;0;0;0;0;0,0.1
302,p000301.jpg,1728324239,85200.92685,446903.2042,1.4704,-138.5333,-3.5888,-3.5764,0,1,0,C0;0;0;0;0;0,0.1
303,p000302.jpg,1728324240,85200.13644,446903.4691,1.4901,-170.5796,-4.3257,-4.3261,0,1,0,C0;0;0;0;0;0,0.1
304,p000303.jpg,1728324241,85199.34439,446903.0759,1.4566,147.0673,-3.0104,-6.586,0,1,0,C0;0;0;0;0;0,0.1
305,p000304.jpg,1728324242,85198.60611,446902.4343,1.4713,138.9561,-0.9203,-7.1768,0,1,0,C0;0;0;0;0;0,0.1
306,p000305.jpg,1728324243,85197.85306,446901.7133,1.4938,136.7277,0.1097,-5.7006,0,1,0,C0;0;0;0;0;0,0.1
307,p000306.jpg,1728324244,85197.38873,446901.0499,1.46,116.3445,-5.9398,-3.7204,0,1,0,C0;0;0;0;0;0,0.1
308,p000307.jpg,1728324245,85197.6604,446901.1333,1.4402,3.6932,-5.6891,-9.3338,0,1,0,C0;0;0;0;0;0,0.1
309,p000308.jpg,1728324246,85198.04274,446901.916,1.4673,-55.0285,-3.906,-6.2975,0,1,0,C0;0;0;0;0;0,0.1
310,p000309.jpg,1728324247,85198.71304,446902.6785,1.47,-49.2524,-2.8237,-4.4253,0,1,0,C0;0;0;0;0;0,0.1
311,p000310.jpg,1728324248,85199.43561,446903.3848,1.4686,-44.673,-0.9794,-6.712,0,1,0,C0;0;0;0;0;0,0.1
312,p000311.jpg,1728324249,85200.27663,446903.5706,1.4687,8.4805,0.6483,-3.1847,0,1,0,C0;0;0;0;0;0,0.1
313,p000312.jpg,1728324250,85200.99895,446903.0181,1.4504,43.5335,1.5782,-5.3905,0,1,0,C0;0;0;0;0;0,0.1
314,p000313.jpg,1728324251,85201.73561,446902.3256,1.4568,44.7559,-3.7896,-4.2967,0,1,0,C0;0;0;0;0;0,0.1
315,p000314.jpg,1728324252,85202.56393,446901.6032,1.4819,39.951,-2.5986,-5.7698,0,1,0,C0;0;0;0;0;0,0.1
316,p000315.jpg,1728324253,85203.48451,446900.939,1.4855,37.827,-1.5279,-3.7116,0,1,0,C0;0;0;0;0;0,0.1
317,p000316.jpg,1728324254,85204.41325,446900.5846,1.4758,25.1617,-0.6465,-3.2218,0,1,0,C0;0;0;0;0;0,0.1
318,p000317.jpg,1728324255,85205.32208,446900.7455,1.4666,-17.0546,-1.7209,-7.5955,0,1,0,C0;0;0;0;0;0,0.1
319,p000318.jpg,1728324256,85206.08302,446901.3086,1.4689,-44.1323,0.3003,-5.1579,0,1,0,C0;0;0;0;0;0,0.1
320,p000319.jpg,1728324257,85206.85393,446901.9703,1.4809,-42.5665,-3.9601,-0.2341,0,1,0,C0;0;0;0;0;0,0.1
321,p000320.jpg,1728324258,85207.76022,446902.2297,1.4763,-19.4377,-3.776,-4.677,0,1,0,C0;0;0;0;0;0,0.1
322,p000321.jpg,1728324259,85208.65636,446901.9121,1.488,24.7558,-1.4486,-1.35,0,1,0,C0;0;0;0;0;0,0.1
323,p000322.jpg,1728324260,85209.48253,446901.4349,1.475,39.3927,-2.356,-2.1682,0,1,0,C0;0;0;0;0;0,0.1
324,p000323.jpg,1728324261,85210.23553,446900.852,1.4864,44.9108,-2.5778,-3.1461,0,1,0,C0;0;0;0;0;0,0.1
325,p000324.jpg,1728324262,85210.9572,446900.2176,1.5025,45.1188,-2.9402,-2.023,0,1,0,C0;0;0;0;0;0,0.1
326,p000325.jpg,1728324263,85211.67989,446899.5723,1.4591,39.4023,-3.7144,-5.5456,0,1,0,C0;0;0;0;0;0,0.1
327,p000326.jpg,1728324264,85212.42476,446898.8511,1.4808,39.0681,-3.8885,-5.9801,0,1,0,C0;0;0;0;0;0,0.1
328,p000327.jpg,1728324265,85213.17738,446898.1519,1.4852,40.114,-4.0995,-3.9899,0,1,0,C0;0;0;0;0;0,0.1
329,p000328.jpg,1728324267,85214.01074,446897.5002,1.472,41.2211,-1.9194,-2.4332,0,1,0,C0;0;0;0;0;0,0.1
330,p000329.jpg,1728324268,85214.8788,446896.8193,1.5045,48.5067,0.4279,-5.2918,0,1,0,C0;0;0;0;0;0,0.1
331,p000330.jpg,1728324269,85215.72626,446896.1079,1.4908,49.6928,1.7849,-3.9348,0,1,0,C0;0;0;0;0;0,0.1
332,p000331.jpg,1728324270,85216.569,446895.3858,1.506,50.0431,-1.6214,-2.3008,0,1,0,C0;0;0;0;0;0,0.1
333,p000332.jpg,1728324271,85217.44514,446894.6692,1.5321,49.5329,-2.5352,-2.3806,0,1,0,C0;0;0;0;0;0,0.1
334,p000333.jpg,1728324272,85218.28664,446894.0609,1.5066,46.0334,-2.8979,-2.5613,0,1,0,C0;0;0;0;0;0,0.1
335,p000334.jpg,1728324273,85218.98129,446893.459,1.4959,57.965,-2.4026,-1.903,0,1,0,C0;0;0;0;0;0,0.1
336,p000335.jpg,1728324274,85219.24254,446892.7914,1.496,99.9034,-0.8528,-5.8055,0,1,0,C0;0;0;0;0;0,0.1
337,p000336.jpg,1728324275,85218.87256,446892.1531,1.4856,137.5462,-3.5628,-4.8429,0,1,0,C0;0;0;0;0;0,0.1
338,p000337.jpg,1728324276,85218.18765,446891.3628,1.4942,140.0171,-3.1374,-3.9033,0,1,0,C0;0;0;0;0;0,0.1
339,p000338.jpg,1728324277,85217.48358,446890.4976,1.5131,138.1562,-5.3932,-2.954,0,1,0,C0;0;0;0;0;0,0.1
340,p000339.jpg,1728324278,85216.78929,446889.6028,1.5299,138.4915,-4.3272,-0.7561,0,1,0,C0;0;0;0;0;0,0.1
341,p000340.jpg,1728324279,85216.16341,446888.7496,1.4982,138.0249,-2.0594,-0.8451,0,1,0,C0;0;0;0;0;0,0.1
342,p000341.jpg,1728324280,85215.55847,446887.9322,1.5046,134.9533,-1.0783,-4.6237,0,1,0,C0;0;0;0;0;0,0.1
343,p000342.jpg,1728324281,85214.96149,446887.2338,1.5157,138.0435,-3.0632,-3.5192,0,1,0,C0;0;0;0;0;0,0.1
344,p000343.jpg,1728324282,85214.52617,446887.1532,1.5349,-160.1901,-1.6469,1.4658,0,1,0,C0;0;0;0;0;0,0.1
345,p000344.jpg,1728324283,85214.87877,446887.5449,1.5205,-60.7836,-1.9145,-1.612,0,1,0,C0;0;0;0;0;0,0.1
346,p000345.jpg,1728324284,85215.46771,446888.1187,1.4784,-44.0459,-4.6548,-7.4519,0,1,0,C0;0;0;0;0;0,0.1
347,p000346.jpg,1728324285,85216.20529,446888.9305,1.492,-40.0492,-6.4365,-4.8955,0,1,0,C0;0;0;0;0;0,0.1
348,p000347.jpg,1728324286,85216.83884,446889.7183,1.4814,-42.3383,-3.9251,-6.6183,0,1,0,C0;0;0;0;0;0,0.1
349,p000348.jpg,1728324287,85217.49261,446890.4914,1.491,-40.401,-3.1242,-4.1097,0,1,0,C0;0;0;0;0;0,0.1
350,p000349.jpg,1728324288,85218.17892,446891.2136,1.5067,-31.1547,-3.0967,-3.5201,0,1,0,C0;0;0;0;0;0,0.1
351,p000350.jpg,1728324289,85218.88924,446891.9805,1.495,-37.7931,-0.4395,-5.9835,0,1,0,C0;0;0;0;0;0,0.1
352,p000351.jpg,1728324290,85219.56927,446892.4337,1.4914,-19.446,-5.1977,-4.8952,0,1,0,C0;0;0;0;0;0,0.1
353,p000352.jpg,1728324291,85220.28879,446892.1692,1.4686,34.397,-0.9535,-9.9338,0,1,0,C0;0;0;0;0;0,0.1
354,p000353.jpg,1728324292,85221.0666,446891.7048,1.4622,49.2774,-3.919,-5.8158,0,1,0,C0;0;0;0;0;0,0.1
355,p000354.jpg,1728324293,85221.86414,446891.0192,1.4653,51.5464,-5.7345,-9.6265,0,1,0,C0;0;0;0;0;0,0.1
356,p000355.jpg,1728324294,85222.65245,446890.4404,1.4644,43.3292,-5.2403,-9.5639,0,1,0,C0;0;0;0;0;0,0.1
357,p000356.jpg,1728324295,85223.39172,446889.9814,1.4536,34.9972,-6.5117,-8.4305,0,1,0,C0;0;0;0;0;0,0.1
358,p000357.jpg,1728324296,85224.08987,446889.589,1.4968,33.2414,-2.8182,-7.8371,0,1,0,C0;0;0;0;0;0,0.1
359,p000358.jpg,1728324297,85224.91046,446889.1851,1.4771,39.986,-1.2075,-7.0971,0,1,0,C0;0;0;0;0;0,0.1
360,p000359.jpg,1728324298,85225.74129,446888.6456,1.4877,45.1271,-0.6628,-9.2647,0,1,0,C0;0;0;0;0;0,0.1
361,p000360.jpg,1728324299,85226.57805,446888.027,1.4915,43.168,-2.3359,-6.9949,0,1,0,C0;0;0;0;0;0,0.1
362,p000361.jpg,1728324300,85227.53033,446887.4166,1.4872,35.9442,-3.8179,-6.7006,0,1,0,C0;0;0;0;0;0,0.1
363,p000362.jpg,1728324301,85228.42628,446886.8242,1.4872,36.3395,-3.9805,-7.1009,0,1,0,C0;0;0;0;0;0,0.1
364,p000363.jpg,1728324302,85229.17532,446886.173,1.4851,47.042,-3.8707,-6.2204,0,1,0,C0;0;0;0;0;0,0.1
365,p000364.jpg,1728324303,85229.48206,446885.3351,1.4778,84.3709,-1.629,-4.0095,0,1,0,C0;0;0;0;0;0,0.1
366,p000365.jpg,1728324304,85229.19275,446884.6005,1.4612,127.4726,-1.1345,-5.4964,0,1,0,C0;0;0;0;0;0,0.1
367,p000366.jpg,1728324305,85228.40634,446884.2682,1.4815,176.4186,-1.1452,-5.1364,0,1,0,C0;0;0;0;0;0,0.1
368,p000367.jpg,1728324306,85227.45589,446884.4698,1.4724,-157.5556,0.5997,-6.1352,0,1,0,C0;0;0;0;0;0,0.1
369,p000368.jpg,1728324307,85226.59346,446884.8185,1.4599,-151.4656,-4.5001,-7.835,0,1,0,C0;0;0;0;0;0,0.1
370,p000369.jpg,1728324308,85225.75786,446885.1693,1.4947,-156.4718,-3.2657,-7.124,0,1,0,C0;0;0;0;0;0,0.1
371,p000370.jpg,1728324309,85224.86185,446885.458,1.4705,-165.6347,-2.3608,-6.5025,0,1,0,C0;0;0;0;0;0,0.1
372,p000371.jpg,1728324310,85223.9118,446885.4029,1.4854,167.0321,-2.4511,-4.8676,0,1,0,C0;0;0;0;0;0,0.1
373,p000372.jpg,1728324311,85223.04633,446884.8988,1.4894,140.8139,-5.2784,-6.0796,0,1,0,C0;0;0;0;0;0,0.1
374,p000373.jpg,1728324312,85222.23077,446884.1743,1.4808,135.6268,-3.1067,-4.9747,0,1,0,C0;0;0;0;0;0,0.1
375,p000374.jpg,1728324313,85221.46443,446883.3113,1.4793,134.4996,-3.1732,-4.5227,0,1,0,C0;0;0;0;0;0,0.1
376,p000375.jpg,1728324314,85220.7393,446882.4221,1.4786,131.033,-2.8531,-5.1968,0,1,0,C0;0;0;0;0;0,0.1
377,p000376.jpg,1728324315,85220.05388,446881.5221,1.4891,130.5512,-3.2338,-3.4967,0,1,0,C0;0;0;0;0;0,0.1
378,p000377.jpg,1728324316,85219.36644,446880.559,1.4642,132.1028,-1.7118,-5.3803,0,1,0,C0;0;0;0;0;0,0.1
379,p000378.jpg,1728324317,85218.7018,446879.6267,1.4575,133.0731,-0.3969,-4.2536,0,1,0,C0;0;0;0;0;0,0.1
380,p000379.jpg,1728324318,85217.97162,446878.7081,1.4695,135.0533,1.3675,-7.6431,0,1,0,C0;0;0;0;0;0,0.1
381,p000380.jpg,1728324319,85217.30692,446877.825,1.4812,133.6222,-2.1139,-2.9367,0,1,0,C0;0;0;0;0;0,0.1
382,p000381.jpg,1728324320,85216.55867,446876.9082,1.472,133.1042,-2.554,-4.9389,0,1,0,C0;0;0;0;0;0,0.1
383,p000382.jpg,1728324321,85215.85809,446875.9935,1.4545,130.9341,-3.0491,-6.6197,0,1,0,C0;0;0;0;0;0,0.1
384,p000383.jpg,1728324322,85215.17667,446875.1146,1.4933,132.1564,-3.6078,-5.3045,0,1,0,C0;0;0;0;0;0,0.1
385,p000384.jpg,1728324323,85214.40485,446874.1878,1.4915,132.7941,-3.1491,-6.097,0,1,0,C0;0;0;0;0;0,0.1
386,p000385.jpg,1728324324,85213.62259,446873.3048,1.476,133.3155,-2.3763,-6.1181,0,1,0,C0;0;0;0;0;0,0.1
387,p000386.jpg,1728324325,85212.75903,446872.3359,1.4688,132.8671,-1.3168,-7.0999,0,1,0,C0;0;0;0;0;0,0.1
388,p000387.jpg,1728324326,85211.9622,446871.4248,1.4667,132.8627,0.0416,-8.2327,0,1,0,C0;0;0;0;0;0,0.1
389,p000388.jpg,1728324327,85211.25937,446870.5047,1.4872,133.1598,0.4135,-7.74,0,1,0,C0;0;0;0;0;0,0.1
390,p000389.jpg,1728324328,85210.50098,446869.6171,1.4962,136.7213,2.2988,-5.0856,0,1,0,C0;0;0;0;0;0,0.1
391,p000390.jpg,1728324329,85209.76697,446868.7302,1.4701,132.3435,-0.6789,-5.1001,0,1,0,C0;0;0;0;0;0,0.1
392,p000391.jpg,1728324330,85209.07736,446867.8313,1.4807,129.0196,-5.3198,-5.8477,0,1,0,C0;0;0;0;0;0,0.1
393,p000392.jpg,1728324331,85208.36581,446866.8962,1.4704,128.0259,-4.9226,-9.0137,0,1,0,C0;0;0;0;0;0,0.1
394,p000393.jpg,1728324332,85207.63129,446865.9659,1.4884,131.2302,-4.6481,-4.4691,0,1,0,C0;0;0;0;0;0,0.1
395,p000394.jpg,1728324333,85206.8403,446865.0453,1.4525,134.666,-0.5539,-9.3384,0,1,0,C0;0;0;0;0;0,0.1
396,p000395.jpg,1728324334,85206.06741,446864.2053,1.4665,135.1592,-2.1838,-7.9089,0,1,0,C0;0;0;0;0;0,0.1
397,p000396.jpg,1728324335,85205.32245,446863.3297,1.4847,134.9946,-1.2105,-8.9922,0,1,0,C0;0;0;0;0;0,0.1
398,p000397.jpg,1728324336,85204.65402,446862.4859,1.4808,133.4649,1.2992,-7.6751,0,1,0,C0;0;0;0;0;0,0.1
399,p000398.jpg,1728324337,85204.0103,446861.6161,1.469,130.6506,-2.4549,-6.6541,0,1,0,C0;0;0;0;0;0,0.1
400,p000399.jpg,1728324338,85203.27821,446860.6702,1.4665,127.6816,-4.7819,-8.3635,0,1,0,C0;0;0;0;0;0,0.1
401,p000400.jpg,1728324339,85202.57007,446859.8015,1.4901,127.6028,-5.7867,-6.7534,0,1,0,C0;0;0;0;0;0,0.1
402,p000401.jpg,1728324340,85201.89113,446858.9004,1.4825,128.7163,-3.9058,-7.3158,0,1,0,C0;0;0;0;0;0,0.1
403,p000402.jpg,1728324341,85201.17044,446858.0695,1.4574,133.9559,-5.0782,-5.6382,0,1,0,C0;0;0;0;0;0,0.1
404,p000403.jpg,1728324342,85200.30078,446857.3237,1.4574,144.2035,-2.0676,-7.8744,0,1,0,C0;0;0;0;0;0,0.1
405,p000404.jpg,1728324343,85199.27341,446856.8926,1.4745,168.6953,-3.2704,-10.3561,0,1,0,C0;0;0;0;0;0,0.1
406,p000405.jpg,1728324344,85198.24223,446857.0361,1.4672,-154.3641,-3.9125,-8.7251,0,1,0,C0;0;0;0;0;0,0.1
407,p000406.jpg,1728324345,85197.44087,446857.6437,1.4719,-138.6526,-4.1597,-6.9871,0,1,0,C0;0;0;0;0;0,0.1
408,p000407.jpg,1728324346,85196.7359,446858.3315,1.4745,-137.3763,-5.7446,-8.288,0,1,0,C0;0;0;0;0;0,0.1
409,p000408.jpg,1728324347,85196.13049,446859.058,1.4811,-135.7218,-4.1259,-7.2587,0,1,0,C0;0;0;0;0;0,0.1
410,p000409.jpg,1728324348,85195.45753,446859.7859,1.4594,-134.4817,-3.7339,-7.551,0,1,0,C0;0;0;0;0;0,0.1
411,p000410.jpg,1728324349,85194.71759,446860.4739,1.4708,-137.8546,-2.5593,-6.431,0,1,0,C0;0;0;0;0;0,0.1
412,p000411.jpg,1728324351,85193.8073,446861.0481,1.4717,-142.5211,-2.1278,-9.838,0,1,0,C0;0;0;0;0;0,0.1
413,p000412.jpg,1728324352,85192.84732,446861.6193,1.4576,-137.4305,0.0078,-6.5985,0,1,0,C0;0;0;0;0;0,0.1
414,p000413.jpg,1728324353,85192.09846,446861.5242,1.467,163.1757,-6.21,-6.9102,0,1,0,C0;0;0;0;0;0,0.1
415,p000414.jpg,1728324354,85191.59058,446860.7742,1.48,135.3566,-3.9929,-6.9418,0,1,0,C0;0;0;0;0;0,0.1
416,p000415.jpg,1728324355,85191.49115,446861.0247,1.455,-142.0891,-1.3738,-9.8107,0,1,0,C0;0;0;0;0;0,0.1
417,p000416.jpg,1728324356,85191.96107,446861.7124,1.4342,-66.275,-6.1281,-6.5227,0,1,0,C0;0;0;0;0;0,0.1
514,p000513.jpg,1728324454,85192.12744,446862.1617,1.4793,-9.3534,-1.5531,-10.8281,0,1,0,C0;0;0;0;0;0,0.1
515,p000514.jpg,1728324455,85192.73758,446862.4452,1.4586,-31.3471,0.0338,-16.9322,0,1,0,C0;0;0;0;0;0,0.1
516,p000515.jpg,1728324456,85193.28986,446861.8291,1.4418,36.0908,-2.6986,-15.2452,0,1,0,C0;0;0;0;0;0,0.1
517,p000516.jpg,1728324457,85193.7502,446861.1006,1.4543,42.9739,-4.6995,-12.3129,0,1,0,C0;0;0;0;0;0,0.1
518,p000517.jpg,1728324458,85194.51224,446860.6321,1.4872,26.3632,-0.0704,-10.907,0,1,0,C0;0;0;0;0;0,0.1
519,p000518.jpg,1728324459,85195.40015,446860.4398,1.4917,11.5109,1.0931,-7.5389,0,1,0,C0;0;0;0;0;0,0.1
520,p000519.jpg,1728324460,85196.41582,446860.6896,1.4752,-20.2665,-1.0699,-7.5269,0,1,0,C0;0;0;0;0;0,0.1
521,p000520.jpg,1728324461,85197.2468,446861.2859,1.4778,-37.6651,-0.8368,-7.4698,0,1,0,C0;0;0;0;0;0,0.1
522,p000521.jpg,1728324462,85197.89587,446862.0966,1.4804,-52.8909,-2.0594,-7.7428,0,1,0,C0;0;0;0;0;0,0.1
523,p000522.jpg,1728324463,85198.02875,446862.9471,1.4573,-103.5386,-2.0387,-8.8875,0,1,0,C0;0;0;0;0;0,0.1
524,p000523.jpg,1728324464,85197.39941,446863.8193,1.4708,-137.4032,-2.2308,-12.6669,0,1,0,C0;0;0;0;0;0,0.1
525,p000524.jpg,1728324465,85196.52138,446864.3775,1.4791,-145.0157,-2.47,-8.6481,0,1,0,C0;0;0;0;0;0,0.1
526,p000525.jpg,1728324466,85195.69795,446864.7998,1.479,-144.4481,-1.2362,-9.8711,0,1,0,C0;0;0;0;0;0,0.1
527,p000526.jpg,1728324467,85195.14203,446865.222,1.4909,-124.3022,1.4238,-10.9409,0,1,0,C0;0;0;0;0;0,0.1
528,p000527.jpg,1728324468,85195.31046,446865.5425,1.4681,-47.1842,5.3161,-10.0088,0,1,0,C0;0;0;0;0;0,0.1
529,p000528.jpg,1728324469,85195.72719,446865.0054,1.437,23.2502,0.0046,-11.2313,0,1,0,C0;0;0;0;0;0,0.1
530,p000529.jpg,1728324470,85196.56369,446864.4406,1.4667,35.7848,-0.5264,-11.3132,0,1,0,C0;0;0;0;0;0,0.1
531,p000530.jpg,1728324471,85197.6069,446864.1416,1.474,18.2273,-2.4852,-6.8233,0,1,0,C0;0;0;0;0;0,0.1
532,p000531.jpg,1728324472,85198.75784,446863.8414,1.4564,15.813,1.4921,-9.1365,0,1,0,C0;0;0;0;0;0,0.1
533,p000532.jpg,1728324473,85199.89929,446863.4413,1.4654,27.2944,0.6612,-6.518,0,1,0,C0;0;0;0;0;0,0.1
534,p000533.jpg,1728324474,85200.9068,446862.9152,1.485,34.4924,-0.3536,-7.7504,0,1,0,C0;0;0;0;0;0,0.1
535,p000534.jpg,1728324475,85201.83,446862.2944,1.4733,34.3707,0.7248,-7.5595,0,1,0,C0;0;0;0;0;0,0.1
536,p000535.jpg,1728324476,85202.7901,446861.8801,1.4492,16.3665,-4.7186,-9.4158,0,1,0,C0;0;0;0;0;0,0.1
537,p000536.jpg,1728324477,85203.81636,446861.9901,1.4585,-26.7316,-1.1857,-12.6136,0,1,0,C0;0;0;0;0;0,0.1
538,p000537.jpg,1728324478,85204.71713,446862.5994,1.4636,-44.9316,-1.3154,-10.3069,0,1,0,C0;0;0;0;0;0,0.1
539,p000538.jpg,1728324479,85205.48251,446863.4682,1.4532,-49.2364,-0.432,-12.2815,0,1,0,C0;0;0;0;0;0,0.1
540,p000539.jpg,1728324480,85206.20947,446864.3221,1.434,-45.5987,2.2038,-10.1591,0,1,0,C0;0;0;0;0;0,0.1
541,p000540.jpg,1728324481,85206.89502,446865.2458,1.4751,-45.9219,0.2466,-9.0948,0,1,0,C0;0;0;0;0;0,0.1
542,p000541.jpg,1728324482,85207.68437,446866.1595,1.4631,-45.275,1.6359,-10.078,0,1,0,C0;0;0;0;0;0,0.1
543,p000542.jpg,1728324483,85208.44989,446867.041,1.4442,-46.0606,-1.127,-8.4869,0,1,0,C0;0;0;0;0;0,0.1
544,p000543.jpg,1728324484,85209.198,446868.0232,1.4248,-49.9196,-0.5232,-9.9638,0,1,0,C0;0;0;0;0;0,0.1
545,p000544.jpg,1728324485,85209.974,446868.9898,1.425,-50.1168,-2.0365,-11.2574,0,1,0,C0;0;0;0;0;0,0.1
546,p000545.jpg,1728324486,85210.68315,446869.9039,1.4348,-50.1511,-0.6735,-11.5409,0,1,0,C0;0;0;0;0;0,0.1
547,p000546.jpg,1728324487,85211.59543,446870.8754,1.4313,-47.0424,0.9162,-13.8502,0,1,0,C0;0;0;0;0;0,0.1
548,p000547.jpg,1728324488,85212.36325,446871.8158,1.4227,-47.0889,-2.5622,-8.7947,0,1,0,C0;0;0;0;0;0,0.1
549,p000548.jpg,1728324489,85213.13821,446872.7816,1.4208,-47.4199,-0.5861,-11.548,0,1,0,C0;0;0;0;0;0,0.1
550,p000549.jpg,1728324490,85213.96249,446873.8271,1.431,-45.5323,2.1244,-13.8045,0,1,0,C0;0;0;0;0;0,0.1
551,p000550.jpg,1728324491,85214.72826,446874.8256,1.4648,-44.7812,-1.005,-11.8119,0,1,0,C0;0;0;0;0;0,0.1
552,p000551.jpg,1728324492,85215.57669,446875.8061,1.4356,-46.1651,1.2077,-14.3965,0,1,0,C0;0;0;0;0;0,0.1
553,p000552.jpg,1728324493,85216.33621,446876.7631,1.4483,-46.2467,-1.0159,-10.2066,0,1,0,C0;0;0;0;0;0,0.1
554,p000553.jpg,1728324494,85217.10492,446877.6918,1.4414,-47.9826,-1.8018,-11.7637,0,1,0,C0;0;0;0;0;0,0.1
555,p000554.jpg,1728324495,85217.89171,446878.6181,1.4629,-50.3654,-0.9589,-10.6678,0,1,0,C0;0;0;0;0;0,0.1
556,p000555.jpg,1728324496,85218.67236,446879.6188,1.4699,-49.8023,-0.9246,-11.2424,0,1,0,C0;0;0;0;0;0,0.1
557,p000556.jpg,1728324497,85219.44267,446880.54,1.4546,-49.6756,1.6229,-9.8551,0,1,0,C0;0;0;0;0;0,0.1
558,p000557.jpg,1728324499,85220.24208,446881.5042,1.4477,-47.0361,2.5011,-8.8453,0,1,0,C0;0;0;0;0;0,0.1
559,p000558.jpg,1728324500,85221.01874,446882.39,1.4511,-45.0912,2.4571,-12.1575,0,1,0,C0;0;0;0;0;0,0.1
560,p000559.jpg,1728324501,85221.77377,446883.2999,1.4701,-44.7077,1.4574,-12.809,0,1,0,C0;0;0;0;0;0,0.1
561,p000560.jpg,1728324502,85222.48523,446884.2288,1.4729,-45.8299,1.9088,-9.2406,0,1,0,C0;0;0;0;0;0,0.1
562,p000561.jpg,1728324503,85223.33569,446885.182,1.4487,-47.3764,0.9923,-9.4302,0,1,0,C0;0;0;0;0;0,0.1
563,p000562.jpg,1728324504,85224.12131,446886.0703,1.4296,-48.9987,-1.8815,-8.0788,0,1,0,C0;0;0;0;0;0,0.1
564,p000563.jpg,1728324505,85224.89183,446886.967,1.4573,-51.6969,-1.0064,-11.0109,0,1,0,C0;0;0;0;0;0,0.1
565,p000564.jpg,1728324506,85225.32883,446887.9014,1.4624,-76.2204,-3.7962,-8.2765,0,1,0,C0;0;0;0;0;0,0.1
566,p000565.jpg,1728324507,85225.17746,446888.8716,1.4383,-115.9836,-1.9475,-11.6738,0,1,0,C0;0;0;0;0;0,0.1
567,p000566.jpg,1728324508,85224.41582,446889.6114,1.4161,-138.0954,1.3467,-12.6977,0,1,0,C0;0;0;0;0;0,0.1
568,p000567.jpg,1728324509,85223.48628,446890.2626,1.4512,-137.9263,1.022,-4.6317,0,1,0,C0;0;0;0;0;0,0.1
569,p000568.jpg,1728324510,85222.44141,446891.0116,1.4864,-141.248,-0.8672,-6.4775,0,1,0,C0;0;0;0;0;0,0.1
570,p000569.jpg,1728324511,85221.44662,446891.7698,1.474,-140.1185,-0.8861,-7.5172,0,1,0,C0;0;0;0;0;0,0.1
571,p000570.jpg,1728324512,85220.49646,446892.454,1.4693,-141.2671,-0.507,-3.6336,0,1,0,C0;0;0;0;0;0,0.1
572,p000571.jpg,1728324513,85219.53267,446893.1911,1.4666,-140.9464,-1.9065,-4.7914,0,1,0,C0;0;0;0;0;0,0.1
573,p000572.jpg,1728324514,85218.5484,446894.0128,1.4594,-141.1046,-0.556,-6.5885,0,1,0,C0;0;0;0;0;0,0.1
574,p000573.jpg,1728324515,85217.55154,446894.9789,1.4578,-133.9161,-4.1585,-8.8164,0,1,0,C0;0;0;0;0;0,0.1
575,p000574.jpg,1728324516,85216.50972,446895.7664,1.4333,-138.0132,-4.0065,-9.5047,0,1,0,C0;0;0;0;0;0,0.1
576,p000575.jpg,1728324517,85215.39081,446896.3899,1.4347,-143.6017,-5.2195,-6.1264,0,1,0,C0;0;0;0;0;0,0.1
577,p000576.jpg,1728324518,85214.23386,446896.8364,1.4224,-161.2002,-5.6147,-7.3849,0,1,0,C0;0;0;0;0;0,0.1
578,p000577.jpg,1728324519,85213.36188,446896.7934,1.4588,170.6,-5.7514,-7.9871,0,1,0,C0;0;0;0;0;0,0.1
579,p000578.jpg,1728324520,85213.07112,446896.658,1.4311,158.7376,-11.1453,-11.0105,0,1,0,C0;0;0;0;0;0,0.1
580,p000579.jpg,1728324521,85212.77637,446896.3669,1.4255,149.4529,-1.3064,-13.8198,0,1,0,C0;0;0;0;0;0,0.1
581,p000580.jpg,1728324522,85212.47528,446895.8893,1.4382,143.9342,-4.4233,-11.412,0,1,0,C0;0;0;0;0;0,0.1
582,p000581.jpg,1728324523,85212.10974,446895.5476,1.4799,134.5408,-2.7916,-9.8593,0,1,0,C0;0;0;0;0;0,0.1
583,p000582.jpg,1728324524,85212.10646,446895.1642,1.414,99.0994,-7.1373,-10.119,0,1,0,C0;0;0;0;0;0,0.1
584,p000583.jpg,1728324525,85212.48701,446895.0599,1.4533,56.1437,0.1368,-7.3473,0,1,0,C0;0;0;0;0;0,0.1
585,p000584.jpg,1728324526,85212.57191,446895.387,1.4073,59.1756,-4.7712,-15.5717,0,1,0,C0;0;0;0;0;0,0.1
586,p000585.jpg,1728324527,85212.58904,446895.5108,1.4403,60.6616,1.9103,-18.389,0,1,0,C0;0;0;0;0;0,0.1
587,p000586.jpg,1728324528,85212.56451,446895.521,1.4508,53.2951,2.0562,-10.5568,0,1,0,C0;0;0;0;0;0,0.1
588,p000587.jpg,1728324529,85212.56564,446895.4918,1.4335,55.3244,4.1386,-13.9333,0,1,0,C0;0;0;0;0;0,0.1
589,p000588.jpg,1728324530,85212.5433,446895.4918,1.4348,57.9773,2.4577,-11.2579,0,1,0,C0;0;0;0;0;0,0.1
590,p000589.jpg,1728324531,85212.51701,446895.4138,1.4627,75.8579,-0.4425,-10.6541,0,1,0,C0;0;0;0;0;0,0.1
591,p000590.jpg,1728324532,85212.67709,446895.4903,1.4584,120.0393,1.2875,-11.0533,0,1,0,C0;0;0;0;0;0,0.1
592,p000591.jpg,1728324533,85212.48265,446895.3503,1.4727,135.4808,1.5048,-9.2339,0,1,0,C0;0;0;0;0;0,0.1
593,p000592.jpg,1728324534,85212.09218,446894.782,1.4804,142.1735,1.5848,-7.2349,0,1,0,C0;0;0;0;0;0,0.1
594,p000593.jpg,1728324535,85211.4921,446894.1601,1.4864,139.9974,1.0894,-6.2172,0,1,0,C0;0;0;0;0;0,0.1
595,p000594.jpg,1728324536,85211.26361,446893.3803,1.4694,89.1165,-5.3708,-7.173,0,1,0,C0;0;0;0;0;0,0.1
596,p000595.jpg,1728324537,85211.68591,446892.743,1.4767,51.1322,-2.9813,-5.9933,0,1,0,C0;0;0;0;0;0,0.1
597,p000596.jpg,1728324538,85212.32137,446892.1917,1.4708,41.5779,-0.7471,-8.2086,0,1,0,C0;0;0;0;0;0,0.1
598,p000597.jpg,1728324539,85212.80338,446891.6603,1.4941,64.5435,-1.9625,-6.2169,0,1,0,C0;0;0;0;0;0,0.1
599,p000598.jpg,1728324540,85212.62048,446891.2545,1.476,138.6171,-0.1385,-6.2576,0,1,0,C0;0;0;0;0;0,0.1
600,p000599.jpg,1728324541,85212.53798,446891.6437,1.4825,-144.769,-4.0287,-5.7042,0,1,0,C0;0;0;0;0;0,0.1
601,p000600.jpg,1728324542,85212.22192,446891.9417,1.4746,-133.3644,-2.8813,-6.6983,0,1,0,C0;0;0;0;0;0,0.1
602,p000601.jpg,1728324543,85211.59283,446892.4335,1.4679,-133.6068,-2.6396,-7.4601,0,1,0,C0;0;0;0;0;0,0.1
603,p000602.jpg,1728324544,85210.76559,446892.9901,1.4805,-138.1665,-3.7329,-7.932,0,1,0,C0;0;0;0;0;0,0.1
604,p000603.jpg,1728324545,85209.96283,446893.5766,1.4818,-135.7914,-2.2655,-6.5358,0,1,0,C0;0;0;0;0;0,0.1
605,p000604.jpg,1728324546,85209.29419,446894.2411,1.4742,-137.8649,-4.8097,-5.7454,0,1,0,C0;0;0;0;0;0,0.1
606,p000605.jpg,1728324547,85208.45886,446894.8895,1.4771,-139.9618,-3.0531,-7.0237,0,1,0,C0;0;0;0;0;0,0.1
607,p000606.jpg,1728324548,85207.78981,446895.3987,1.4771,-132.6829,-2.9986,-4.4527,0,1,0,C0;0;0;0;0;0,0.1
608,p000607.jpg,1728324549,85207.74301,446895.9098,1.4566,-73.0679,-3.7583,-7.4803,0,1,0,C0;0;0;0;0;0,0.1
609,p000608.jpg,1728324550,85208.26624,446896.3128,1.4612,-43.055,-2.1873,-9.6585,0,1,0,C0;0;0;0;0;0,0.1
610,p000609.jpg,1728324551,85208.73788,446896.8976,1.4504,-39.9469,-5.2655,-7.5056,0,1,0,C0;0;0;0;0;0,0.1
611,p000610.jpg,1728324552,85208.91588,446896.6489,1.4742,52.6483,-1.7356,-6.1172,0,1,0,C0;0;0;0;0;0,0.1
612,p000611.jpg,1728324553,85208.3103,446896.5438,1.4418,137.077,-5.4028,-12.6909,0,1,0,C0;0;0;0;0;0,0.1
613,p000612.jpg,1728324554,85208.17065,446895.6564,1.4552,102.7554,-4.1606,-8.2159,0,1,0,C0;0;0;0;0;0,0.1
614,p000613.jpg,1728324555,85208.72141,446894.8401,1.4651,57.2263,-0.5898,-6.074,0,1,0,C0;0;0;0;0;0,0.1
615,p000614.jpg,1728324556,85209.63535,446894.1325,1.4677,48.2789,-0.9506,-8.1144,0,1,0,C0;0;0;0;0;0,0.1
616,p000615.jpg,1728324557,85210.57755,446893.7673,1.465,27.0655,-3.9779,-6.3164,0,1,0,C0;0;0;0;0;0,0.1
617,p000616.jpg,1728324558,85211.55673,446894.1724,1.4591,-24.2764,-6.376,-5.115,0,1,0,C0;0;0;0;0;0,0.1
618,p000617.jpg,1728324559,85212.24858,446894.9605,1.4817,-41.0316,-3.8903,-6.8839,0,1,0,C0;0;0;0;0;0,0.1
619,p000618.jpg,1728324560,85212.63394,446895.7972,1.4806,-45.2481,-3.3442,-2.9627,0,1,0,C0;0;0;0;0;0,0.1
620,p000619.jpg,1728324561,85212.74194,446896.0572,1.4871,-27.801,-1.7537,-8.496,0,1,0,C0;0;0;0;0;0,0.1
621,p000620.jpg,1728324562,85212.70743,446895.9854,1.5028,-30.1781,-5.1878,-6.5486,0,1,0,C0;0;0;0;0;0,0.1
622,p000621.jpg,1728324563,85212.43068,446895.713,1.5022,-39.8461,-5.0038,-5.3809,0,1,0,C0;0;0;0;0;0,0.1
623,p000622.jpg,1728324564,85212.5658,446895.7354,1.497,-42.4137,-3.9815,-11.1414,0,1,0,C0;0;0;0;0;0,0.1
624,p000623.jpg,1728324565,85213.11945,446896.2567,1.4651,-33.5977,-4.7038,-7.7329,0,1,0,C0;0;0;0;0;0,0.1
625,p000624.jpg,1728324566,85213.78897,446896.8105,1.5034,-43.0556,-0.654,-9.5095,0,1,0,C0;0;0;0;0;0,0.1
626,p000625.jpg,1728324567,85213.85797,446897.4072,1.473,-98.2421,-5.8024,-8.4319,0,1,0,C0;0;0;0;0;0,0.1
627,p000626.jpg,1728324568,85213.27368,446897.9877,1.465,-135.8286,-1.5189,-10.0281,0,1,0,C0;0;0;0;0;0,0.1
628,p000627.jpg,1728324569,85212.43889,446898.7455,1.4407,-143.1196,1.8213,-12.1029,0,1,0,C0;0;0;0;0;0,0.1
629,p000628.jpg,1728324570,85211.47514,446899.53,1.4821,-139.9127,1.1471,-4.0024,0,1,0,C0;0;0;0;0;0,0.1
630,p000629.jpg,1728324571,85210.47559,446900.3618,1.5061,-131.9638,1.0734,-8.136,0,1,0,C0;0;0;0;0;0,0.1
631,p000630.jpg,1728324572,85209.51695,446901.1159,1.4777,-138.5435,-0.1458,-7.4175,0,1,0,C0;0;0;0;0;0,0.1
632,p000631.jpg,1728324573,85208.58061,446901.8831,1.4768,-138.0815,-0.4798,-7.809,0,1,0,C0;0;0;0;0;0,0.1
633,p000632.jpg,1728324574,85207.63638,446902.6229,1.4684,-134.2475,-0.8737,-6.5274,0,1,0,C0;0;0;0;0;0,0.1
634,p000633.jpg,1728324575,85206.63885,446903.4497,1.4895,-135.4146,-2.2422,-2.3946,0,1,0,C0;0;0;0;0;0,0.1
635,p000634.jpg,1728324576,85205.69437,446904.2806,1.4896,-133.3017,2.1194,-3.3862,0,1,0,C0;0;0;0;0;0,0.1
636,p000635.jpg,1728324577,85204.78482,446905.0472,1.4719,-133.398,2.2514,-3.5433,0,1,0,C0;0;0;0;0;0,0.1
637,p000636.jpg,1728324579,85204.0437,446905.8809,1.4804,-127.4597,-3.1132,-2.5399,0,1,0,C0;0;0;0;0;0,0.1
638,p000637.jpg,1728324580,85203.73582,446906.8323,1.4649,-98.2722,-1.9547,-4.5545,0,1,0,C0;0;0;0;0;0,0.1
639,p000638.jpg,1728324581,85203.99304,446907.7135,1.4687,-62.7632,1.0649,-3.0197,0,1,0,C0;0;0;0;0;0,0.1
640,p000639.jpg,1728324582,85204.51337,446908.6925,1.4776,-51.2183,1.2403,-2.7005,0,1,0,C0;0;0;0;0;0,0.1
641,p000640.jpg,1728324583,85205.07452,446909.6559,1.466,-49.1444,2.0845,-4.7159,0,1,0,C0;0;0;0;0;0,0.1
642,p000641.jpg,1728324584,85205.41647,446910.3901,1.4759,-70.7808,-2.4665,-1.5375,0,1,0,C0;0;0;0;0;0,0.1
643,p000642.jpg,1728324585,85204.71959,446910.3367,1.4393,-139.6171,-0.0953,-9.5952,0,1,0,C0;0;0;0;0;0,0.1
644,p000643.jpg,1728324586,85204.06853,446910.7125,1.4501,-134.2762,-2.7566,-3.428,0,1,0,C0;0;0;0;0;0,0.1
645,p000644.jpg,1728324587,85203.73489,446911.0037,1.4121,-119.7494,0.2172,-7.6496,0,1,0,C0;0;0;0;0;0,0.1
646,p000645.jpg,1728324588,85203.71585,446911.5481,1.4511,-102.6724,-0.3152,-5.7268,0,1,0,C0;0;0;0;0;0,0.1
647,p000646.jpg,1728324589,85203.67523,446912.153,1.4578,-121.0665,-1.4125,-7.6632,0,1,0,C0;0;0;0;0;0,0.1
648,p000647.jpg,1728324590,85204.15842,446912.8931,1.4444,-70.3442,0.6324,-9.2096,0,1,0,C0;0;0;0;0;0,0.1
649,p000648.jpg,1728324591,85204.71338,446913.5815,1.4788,-49.4432,0.1622,-4.8343,0,1,0,C0;0;0;0;0;0,0.1
650,p000649.jpg,1728324592,85205.1557,446914.3364,1.4747,-64.4316,-1.6909,-7.4006,0,1,0,C0;0;0;0;0;0,0.1
651,p000650.jpg,1728324593,85205.01288,446915.1747,1.4741,-117.409,0.4254,-8.9718,0,1,0,C0;0;0;0;0;0,0.1
652,p000651.jpg,1728324594,85204.30109,446915.8689,1.473,-140.962,-2.4506,-8.3679,0,1,0,C0;0;0;0;0;0,0.1
653,p000652.jpg,1728324595,85203.49803,446916.2274,1.4739,-157.3966,-0.8714,-8.451,0,1,0,C0;0;0;0;0;0,0.1
654,p000653.jpg,1728324596,85203.32675,446916.6421,1.4998,-93.8972,-2.903,-3.6166,0,1,0,C0;0;0;0;0;0,0.1
655,p000654.jpg,1728324597,85203.72745,446916.6284,1.4887,-27.3269,-0.5807,-5.1376,0,1,0,C0;0;0;0;0;0,0.1
656,p000655.jpg,1728324598,85203.96324,446916.0921,1.4711,37.1232,-1.6881,-9.1059,0,1,0,C0;0;0;0;0;0,0.1
657,p000656.jpg,1728324599,85204.65665,446915.5826,1.4746,35.7575,-0.5124,-4.6207,0,1,0,C0;0;0;0;0;0,0.1
658,p000657.jpg,1728324600,85205.62106,446915.521,1.4893,0.1142,0.994,-9.5887,0,1,0,C0;0;0;0;0;0,0.1
659,p000658.jpg,1728324601,85206.54361,446915.9911,1.4847,-26.6082,-0.3262,-6.4951,0,1,0,C0;0;0;0;0;0,0.1
660,p000659.jpg,1728324602,85207.35214,446916.7955,1.4791,-40.6739,0.4989,-7.5985,0,1,0,C0;0;0;0;0;0,0.1
661,p000660.jpg,1728324603,85207.95923,446917.6015,1.459,-51.3261,-0.4814,-11.0305,0,1,0,C0;0;0;0;0;0,0.1
662,p000661.jpg,1728324604,85208.51328,446918.3536,1.4602,-58.6713,-1.9343,-7.6343,0,1,0,C0;0;0;0;0;0,0.1
663,p000662.jpg,1728324605,85208.96161,446919.2125,1.4433,-65.5588,-3.5972,-11.4255,0,1,0,C0;0;0;0;0;0,0.1
664,p000663.jpg,1728324606,85209.44786,446920.238,1.4639,-56.0946,-1.6493,-12.3787,0,1,0,C0;0;0;0;0;0,0.1
665,p000664.jpg,1728324607,85210.05521,446921.1458,1.4847,-45.7794,-2.1945,-8.6903,0,1,0,C0;0;0;0;0;0,0.1
666,p000665.jpg,1728324608,85210.8038,446922.045,1.4433,-47.1348,-0.6856,-9.6723,0,1,0,C0;0;0;0;0;0,0.1
667,p000666.jpg,1728324609,85211.51593,446922.8419,1.4515,-45.4874,-6.2286,-10.6717,0,1,0,C0;0;0;0;0;0,0.1
668,p000667.jpg,1728324610,85212.30038,446923.6978,1.4602,-42.0186,-3.709,-11.8646,0,1,0,C0;0;0;0;0;0,0.1
669,p000668.jpg,1728324611,85213.08121,446924.5197,1.4471,-43.0362,-5.7213,-7.4586,0,1,0,C0;0;0;0;0;0,0.1
670,p000669.jpg,1728324612,85214.01837,446925.2224,1.4404,-27.5019,-3.1368,-9.2342,0,1,0,C0;0;0;0;0;0,0.1
671,p000670.jpg,1728324613,85214.9332,446925.4182,1.408,9.3484,-0.5315,-16.5783,0,1,0,C0;0;0;0;0;0,0.1
672,p000671.jpg,1728324614,85215.7431,446925.0982,1.4256,39.2597,-4.902,-15.0549,0,1,0,C0;0;0;0;0;0,0.1
673,p000672.jpg,1728324615,85216.65268,446924.7759,1.4304,6.4755,-1.6709,-12.9682,0,1,0,C0;0;0;0;0;0,0.1
674,p000673.jpg,1728324616,85217.56384,446925.0795,1.4616,-29.0585,-9.3767,-8.1049,0,1,0,C0;0;0;0;0;0,0.1
675,p000674.jpg,1728324617,85218.30258,446925.8182,1.476,-44.3337,-3.3957,-8.1364,0,1,0,C0;0;0;0;0;0,0.1
676,p000675.jpg,1728324618,85218.93176,446926.7321,1.4659,-49.0884,0.8049,-6.9629,0,1,0,C0;0;0;0;0;0,0.1
677,p000676.jpg,1728324619,85219.49617,446927.598,1.4761,-46.4557,-2.2831,-9.7985,0,1,0,C0;0;0;0;0;0,0.1
678,p000677.jpg,1728324620,85220.17004,446928.5179,1.4927,-48.5056,-2.2372,-8.9819,0,1,0,C0;0;0;0;0;0,0.1
679,p000678.jpg,1728324621,85220.86313,446929.4567,1.4896,-46.6274,-1.76,-7.0663,0,1,0,C0;0;0;0;0;0,0.1
680,p000679.jpg,1728324622,85221.59283,446930.4081,1.4823,-48.453,-1.0655,-8.1252,0,1,0,C0;0;0;0;0;0,0.1
681,p000680.jpg,1728324623,85222.29417,446931.2871,1.4784,-51.5594,-3.306,-9.9184,0,1,0,C0;0;0;0;0;0,0.1
682,p000681.jpg,1728324624,85223.07584,446932.1987,1.4781,-51.0333,-4.2649,-10.183,0,1,0,C0;0;0;0;0;0,0.1
683,p000682.jpg,1728324625,85223.79056,446933.0877,1.4789,-49.9227,-3.6091,-6.6574,0,1,0,C0;0;0;0;0;0,0.1
684,p000683.jpg,1728324626,85224.56793,446933.9388,1.4782,-44.2901,1.0568,-3.8464,0,1,0,C0;0;0;0;0;0,0.1
685,p000684.jpg,1728324627,85225.42026,446934.8849,1.4884,-45.1927,1.1636,-6.6461,0,1,0,C0;0;0;0;0;0,0.1
686,p000685.jpg,1728324628,85226.15413,446935.6984,1.4966,-46.936,-0.1754,-5.0712,0,1,0,C0;0;0;0;0;0,0.1
687,p000686.jpg,1728324629,85226.98114,446936.3649,1.4989,-31.8783,0.3376,-5.2246,0,1,0,C0;0;0;0;0;0,0.1
688,p000687.jpg,1728324630,85227.93159,446936.343,1.4804,13.426,1.6145,-4.5598,0,1,0,C0;0;0;0;0;0,0.1
965,p000964.jpg,1728324917,85228.47365,446937.3132,1.4932,-75.8739,1.2912,-8.2312,0,1,0,C0;0;0;0;0;0,0.1
966,p000965.jpg,1728324918,85228.93005,446938.1456,1.509,-47.8736,-0.8442,-5.1959,0,1,0,C0;0;0;0;0;0,0.1
967,p000966.jpg,1728324919,85229.61189,446939.1023,1.5112,-43.4562,-2.5318,-6.2897,0,1,0,C0;0;0;0;0;0,0.1
968,p000967.jpg,1728324920,85230.34918,446939.9986,1.5577,-43.7977,-2.9621,-3.7952,0,1,0,C0;0;0;0;0;0,0.1
969,p000968.jpg,1728324921,85231.02704,446940.9083,1.5385,-45.2719,-3.5085,-3.1962,0,1,0,C0;0;0;0;0;0,0.1
970,p000969.jpg,1728324922,85231.69678,446941.8076,1.5113,-43.0908,-1.0902,-5.4421,0,1,0,C0;0;0;0;0;0,0.1
971,p000970.jpg,1728324923,85232.4097,446942.6679,1.5268,-40.4501,1.5752,-5.7498,0,1,0,C0;0;0;0;0;0,0.1
972,p000971.jpg,1728324924,85233.16333,446943.5413,1.5499,-40.0585,-0.2247,-5.6948,0,1,0,C0;0;0;0;0;0,0.1
973,p000972.jpg,1728324925,85233.88425,446944.4064,1.525,-43.0091,-0.539,-5.2327,0,1,0,C0;0;0;0;0;0,0.1
974,p000973.jpg,1728324926,85234.49612,446945.2535,1.5183,-45.329,-2.0984,-4.7766,0,1,0,C0;0;0;0;0;0,0.1
975,p000974.jpg,1728324927,85235.17809,446946.112,1.5335,-47.3103,1.0451,-7.3909,0,1,0,C0;0;0;0;0;0,0.1
976,p000975.jpg,1728324928,85235.85318,446946.9337,1.5257,-47.2015,-2.6978,-4.3181,0,1,0,C0;0;0;0;0;0,0.1
977,p000976.jpg,1728324929,85236.53258,446947.8007,1.5107,-45.5084,0.5475,-4.0442,0,1,0,C0;0;0;0;0;0,0.1
978,p000977.jpg,1728324930,85237.18964,446948.6328,1.511,-43.8163,-0.0728,-8.4309,0,1,0,C0;0;0;0;0;0,0.1
979,p000978.jpg,1728324931,85237.78432,446949.3373,1.5316,-43.5657,-1.1923,-3.325,0,1,0,C0;0;0;0;0;0,0.1
980,p000979.jpg,1728324932,85238.40857,446950.1717,1.5223,-42.7992,-0.4741,-5.8903,0,1,0,C0;0;0;0;0;0,0.1
981,p000980.jpg,1728324933,85238.98463,446950.9814,1.5164,-47.0546,-2.1851,-3.9563,0,1,0,C0;0;0;0;0;0,0.1
982,p000981.jpg,1728324934,85239.64581,446951.7892,1.5356,-43.3241,-1.2052,-3.5045,0,1,0,C0;0;0;0;0;0,0.1
983,p000982.jpg,1728324935,85240.36046,446952.6115,1.5062,-42.4296,-1.4736,-5.0769,0,1,0,C0;0;0;0;0;0,0.1
984,p000983.jpg,1728324936,85241.01485,446953.4128,1.503,-42.2812,-1.0858,-5.7702,0,1,0,C0;0;0;0;0;0,0.1
985,p000984.jpg,1728324937,85241.6722,446954.2755,1.5224,-38.9987,2.8053,-5.4113,0,1,0,C0;0;0;0;0;0,0.1
986,p000985.jpg,1728324938,85242.31555,446955.1479,1.5155,-45.8443,-1.3172,-4.9026,0,1,0,C0;0;0;0;0;0,0.1
987,p000986.jpg,1728324939,85243.03607,446955.9571,1.508,-47.5991,-4.4544,-3.5917,0,1,0,C0;0;0;0;0;0,0.1
988,p000987.jpg,1728324940,85243.7646,446956.8494,1.53,-50.5677,-2.5434,-6.5491,0,1,0,C0;0;0;0;0;0,0.1
989,p000988.jpg,1728324941,85244.35289,446957.7361,1.5731,-51.3709,-3.1217,-2.6035,0,1,0,C0;0;0;0;0;0,0.1
990,p000989.jpg,1728324942,85244.95882,446958.5581,1.5592,-48.4017,-1.1137,-2.402,0,1,0,C0;0;0;0;0;0,0.1
991,p000990.jpg,1728324943,85245.56802,446959.3079,1.5631,-44.9594,-0.7881,-1.3822,0,1,0,C0;0;0;0;0;0,0.1
992,p000991.jpg,1728324944,85246.26381,446960.1456,1.5545,-44.5174,-1.0746,-4.2773,0,1,0,C0;0;0;0;0;0,0.1
993,p000992.jpg,1728324945,85246.93396,446960.9103,1.5286,-48.8061,-1.0033,-2.463,0,1,0,C0;0;0;0;0;0,0.1
994,p000993.jpg,1728324946,85247.68555,446961.7195,1.534,-49.4916,-1.7336,-3.4352,0,1,0,C0;0;0;0;0;0,0.1
995,p000994.jpg,1728324947,85248.40231,446962.605,1.5396,-50.2137,-0.2817,-4.4241,0,1,0,C0;0;0;0;0;0,0.1
996,p000995.jpg,1728324948,85248.93784,446963.5104,1.539,-48.749,0.3822,-2.3115,0,1,0,C0;0;0;0;0;0,0.1
997,p000996.jpg,1728324949,85249.56334,446964.3665,1.5229,-45.3366,-1.0039,-3.2341,0,1,0,C0;0;0;0;0;0,0.1
998,p000997.jpg,1728324950,85250.35576,446965.2143,1.5151,-43.0881,-0.801,-5.4223,0,1,0,C0;0;0;0;0;0,0.1
999,p000998.jpg,1728324951,85251.05597,446966.0261,1.5389,-42.1905,-1.0647,-1.9349,0,1,0,C0;0;0;0;0;0,0.1
1000,p000999.jpg,1728324952,85251.83069,446966.8522,1.521,-44.7996,-1.6802,-2.6945,0,1,0,C0;0;0;0;0;0,0.1
1001,p001000.jpg,1728324953,85252.58403,446967.5868,1.4957,-51.903,-2.6443,-4.7525,0,1,0,C0;0;0;0;0;0,0.1
1002,p001001.jpg,1728324954,85253.40048,446968.2027,1.5114,-34.8587,-2.0687,-3.9593,0,1,0,C0;0;0;0;0;0,0.1
1003,p001002.jpg,1728324955,85254.3465,446968.6395,1.4992,-23.4219,3.737,-5.5071,0,1,0,C0;0;0;0;0;0,0.1
1004,p001003.jpg,1728324956,85255.23216,446969.0162,1.4775,-21.7895,-0.8614,-3.353,0,1,0,C0;0;0;0;0;0,0.1
1005,p001004.jpg,1728324957,85256.05731,446969.4968,1.4853,-29.5412,-2.348,-5.4372,0,1,0,C0;0;0;0;0;0,0.1
1006,p001005.jpg,1728324958,85256.75809,446970.1764,1.4656,-45.1102,-0.3492,-3.1661,0,1,0,C0;0;0;0;0;0,0.1
1007,p001006.jpg,1728324959,85257.23682,446970.8613,1.4558,-57.1947,-4.1998,-4.6505,0,1,0,C0;0;0;0;0;0,0.1
1008,p001007.jpg,1728324960,85257.77097,446971.5009,1.4477,-47.3405,0.0912,-6.9574,0,1,0,C0;0;0;0;0;0,0.1
1009,p001008.jpg,1728324961,85258.2485,446972.3275,1.4464,-58.3489,-2.4172,-6.1797,0,1,0,C0;0;0;0;0;0,0.1
1010,p001009.jpg,1728324962,85258.33002,446973.2123,1.4587,-87.5492,-2.5693,-7.4382,0,1,0,C0;0;0;0;0;0,0.1
1011,p001010.jpg,1728324963,85258.11795,446974.1573,1.4647,-108.7888,-4.4349,-5.4572,0,1,0,C0;0;0;0;0;0,0.1
1012,p001011.jpg,1728324964,85258.02747,446975.1542,1.4667,-95.1295,-2.1481,-2.1921,0,1,0,C0;0;0;0;0;0,0.1
1013,p001012.jpg,1728324965,85258.35635,446976.0291,1.4714,-66.2694,-1.4085,-6.3773,0,1,0,C0;0;0;0;0;0,0.1
1014,p001013.jpg,1728324966,85258.92374,446976.8083,1.4642,-41.2694,3.6919,-0.6687,0,1,0,C0;0;0;0;0;0,0.1
1015,p001014.jpg,1728324968,85259.64581,446977.5939,1.4372,-28.8059,5.8567,-1.1832,0,1,0,C0;0;0;0;0;0,0.1
1016,p001015.jpg,1728324969,85260.24231,446978.3845,1.4587,-35.2992,1.9893,-1.554,0,1,0,C0;0;0;0;0;0,0.1
1017,p001016.jpg,1728324970,85260.83673,446979.1608,1.4418,-33.1811,2.1632,3.5582,0,1,0,C0;0;0;0;0;0,0.1
