Image,X,Y
p000025.jpg,85260.84833,446979.3362
p000026.jpg,85260.41772,446978.7548
p000027.jpg,85259.99545,446978.2324
p000028.jpg,85260.24203,446977.6543
p000029.jpg,85260.98987,446977.2595
p000030.jpg,85261.78821,446976.6896
p000031.jpg,85261.99588,446976.2023
p000032.jpg,85261.55688,446976.9083
p000033.jpg,85260.8396,446977.5206
p000034.jpg,85259.99252,446977.7425
p000035.jpg,85259.17148,446977.3723
p000036.jpg,85258.50665,446976.7927
p000037.jpg,85257.97046,446976.0342
p000038.jpg,85257.71262,446975.1747
p000039.jpg,85257.79352,446974.2454
p000040.jpg,85257.9834,446973.2674
p000041.jpg,85257.51926,446972.36
p000042.jpg,85256.66693,446971.8118
p000043.jpg,85255.70119,446971.7411
p000044.jpg,85254.9743,446972.1193
p000045.jpg,85254.23888,446972.7136
p000046.jpg,85253.58737,446973.4278
p000047.jpg,85253.004,446974.0792
p000048.jpg,85252.32556,446974.7975
p000049.jpg,85251.66634,446975.4124
p000050.jpg,85251.87196,446975.6163
p000051.jpg,85252.33702,446974.8408
p000052.jpg,85252.80838,446974.0442
p000053.jpg,85253.43649,446973.255
p000054.jpg,85254.18712,446972.5845
p000055.jpg,85255.06984,446972.0405
p000056.jpg,85255.94363,446971.658
p000057.jpg,85256.89966,446971.7029
p000058.jpg,85257.30173,446971.222
p000059.jpg,85256.95609,446970.5567
p000060.jpg,85256.28693,446969.9401
p000061.jpg,85255.31444,446969.446
p000062.jpg,85254.40849,446968.9205
p000063.jpg,85253.57303,446968.3239
p000064.jpg,85252.83018,446967.6756
p000065.jpg,85252.05066,446966.967
p000066.jpg,85251.26137,446966.2259
p000067.jpg,85250.62016,446965.395
p000068.jpg,85249.93274,446964.5341
p000069.jpg,85249.28792,446963.5918
p000070.jpg,85248.64119,446962.7279
p000071.jpg,85247.97998,446961.913
p000072.jpg,85247.19585,446961.1952
p000073.jpg,85246.47789,446960.5435
p000074.jpg,85245.81949,446960.6512
p000075.jpg,85245.35176,446959.7737
p000076.jpg,85244.95578,446958.8164
p000077.jpg,85244.44955,446957.7686
p000078.jpg,85243.75876,446956.8695
p000079.jpg,85242.95796,446956.0284
p000080.jpg,85242.119,446955.4392
p000081.jpg,85241.14493,446955.4832
p000082.jpg,85240.30304,446955.8021
p000083.jpg,85239.55035,446956.3619
p000084.jpg,85239.33551,446957.0806
p000085.jpg,85239.83485,446957.7887
p000086.jpg,85240.45825,446958.5664
p000087.jpg,85241.20894,446959.4647
p000088.jpg,85241.98016,446960.4066
p000089.jpg,85242.68484,446961.2899
p000090.jpg,85243.48868,446962.1603
p000091.jpg,85244.22446,446963.0234
p000092.jpg,85244.91655,446963.8865
p000093.jpg,85245.59129,446964.7255
p000094.jpg,85246.27969,446965.6486
p000095.jpg,85246.95279,446966.5004
p000096.jpg,85247.62325,446967.3224
p000097.jpg,85248.44783,446967.6455
p000098.jpg,85249.11047,446967.1497
p000099.jpg,85249.78256,446966.4981
p000100.jpg,85250.35805,446965.8013
p000101.jpg,85250.13818,446964.9399
p000102.jpg,85249.60126,446964.1204
p000103.jpg,85248.90689,446963.2417
p000104.jpg,85248.25218,446962.3924
p000105.jpg,85247.47331,446961.5066
p000106.jpg,85246.76935,446960.6351
p000107.jpg,85246.0295,446959.7338
p000108.jpg,85245.27367,446958.9115
p000109.jpg,85244.6302,446958.0317
p000110.jpg,85243.92331,446957.1095
p000111.jpg,85243.20969,446956.2416
p000112.jpg,85242.54173,446955.3848
p000113.jpg,85241.87125,446954.4802
p000114.jpg,85241.15878,446953.5392
p000115.jpg,85240.41103,446952.6528
p000116.jpg,85239.55382,446951.7228
p000117.jpg,85238.81224,446950.7478
p000118.jpg,85238.03857,446949.7491
p000119.jpg,85237.34966,446948.7011
p000120.jpg,85236.5177,446947.6371
p000121.jpg,85235.62743,446946.5876
p000122.jpg,85234.84866,446945.5765
p000123.jpg,85233.95117,446944.5485
p000124.jpg,85233.11282,446943.5728
p000125.jpg,85232.28845,446942.5136
p000126.jpg,85231.42003,446941.4268
p000127.jpg,85230.59053,446940.4251
p000128.jpg,85229.71622,446939.4026
p000129.jpg,85228.92232,446938.3041
p000130.jpg,85228.12685,446937.3243
p000131.jpg,85227.15271,446936.7166
p000132.jpg,85226.21426,446936.8822
p000133.jpg,85225.75372,446937.2971
p000134.jpg,85225.38939,446937.5147
p000135.jpg,85224.98955,446937.9108
p000136.jpg,85224.76041,446938.2959
p000137.jpg,85224.56248,446938.1884
p000138.jpg,85224.27214,446938.0212
p000139.jpg,85223.67392,446938.3741
p000140.jpg,85223.16698,446939.0108
p000141.jpg,85223.08379,446939.7875
p000142.jpg,85223.44753,446940.5275
p000143.jpg,85224.13197,446941.3514
p000144.jpg,85224.86548,446942.1976
p000145.jpg,85225.59959,446943.0782
p000146.jpg,85226.30377,446943.9749
p000147.jpg,85226.97041,446944.844
p000148.jpg,85227.58347,446945.6957
p000149.jpg,85228.19122,446945.9609
p000150.jpg,85227.80502,446945.7957
p000151.jpg,85227.3472,446945.2518
p000152.jpg,85226.67995,446944.4417
p000153.jpg,85225.87494,446943.6053
p000154.jpg,85225.16283,446942.7753
p000155.jpg,85224.41827,446941.9459
p000156.jpg,85223.64656,446941.0431
p000157.jpg,85223.12521,446940.1398
p000158.jpg,85223.21298,446939.2174
p000159.jpg,85223.88441,446938.5366
p000160.jpg,85224.65778,446937.9506
p000161.jpg,85225.04126,446937.7236
p000162.jpg,85224.79083,446938.0175
p000163.jpg,85225.26575,446937.5656
p000164.jpg,85225.92603,446936.8792
p000165.jpg,85226.32413,446936.2078
p000166.jpg,85225.92249,446935.5646
p000167.jpg,85225.25247,446934.7661
p000168.jpg,85224.67973,446933.9953
p000169.jpg,85224.02402,446933.1172
p000170.jpg,85223.2493,446932.1962
p000171.jpg,85222.55002,446931.3101
p000172.jpg,85221.86771,446930.4313
p000173.jpg,85221.12491,446929.4987
p000174.jpg,85220.38979,446928.6741
p000175.jpg,85219.69516,446927.9124
p000176.jpg,85219.1058,446927.2136
p000177.jpg,85218.52731,446927.1808
p000178.jpg,85218.03275,446927.6903
p000179.jpg,85217.60016,446928.2803
p000180.jpg,85217.31689,446928.8327
p000181.jpg,85217.04163,446929.3417
p000182.jpg,85216.92793,446930.0195
p000183.jpg,85216.57951,446930.7818
p000184.jpg,85215.85693,446931.4075
p000185.jpg,85215.11153,446931.9874
p000186.jpg,85214.85413,446932.6183
p000187.jpg,85215.05531,446933.0473
p000188.jpg,85215.48511,446933.5908
p000189.jpg,85215.98076,446934.243
p000190.jpg,85216.38538,446934.6964
p000191.jpg,85216.8434,446935.2239
p000192.jpg,85217.42172,446935.8518
p000193.jpg,85218.08047,446936.2062
p000194.jpg,85218.48195,446935.8972
p000195.jpg,85219.10966,446935.4143
p000196.jpg,85219.82774,446934.8534
p000197.jpg,85220.24692,446934.2541
p000198.jpg,85219.92111,446933.9204
p000199.jpg,85219.44586,446933.3251
p000200.jpg,85218.76389,446932.5993
p000201.jpg,85218.17642,446931.8781
p000202.jpg,85217.58804,446931.0786
p000203.jpg,85217.11192,446930.2083
p000204.jpg,85217.06798,446929.2982
p000205.jpg,85217.39572,446928.4204
p000206.jpg,85218.00964,446927.6593
p000207.jpg,85218.59299,446927.0114
p000208.jpg,85218.53326,446926.3782
p000209.jpg,85218.13811,446925.8199
p000210.jpg,85217.59927,446925.0545
p000211.jpg,85217.0267,446924.4938
p000212.jpg,85216.51262,446924.3468
p000213.jpg,85216.10078,446923.9899
p000214.jpg,85215.51694,446923.1692
p000215.jpg,85214.82652,446922.2204
p000216.jpg,85214.11887,446921.3202
p000217.jpg,85213.46146,446920.3787
p000218.jpg,85212.78387,446919.4904
p000219.jpg,85212.10373,446918.6862
p000220.jpg,85211.42853,446917.8961
p000221.jpg,85210.77267,446917.0865
p000222.jpg,85210.10535,446916.2054
p000223.jpg,85209.39195,446915.3764
p000224.jpg,85208.64389,446914.5337
p000225.jpg,85207.94249,446913.6162
p000226.jpg,85207.20432,446912.7152
p000227.jpg,85206.48914,446911.8302
p000228.jpg,85205.7854,446910.972
p000229.jpg,85205.18939,446910.0553
p000230.jpg,85204.56636,446909.1121
p000231.jpg,85203.97797,446908.3355
p000232.jpg,85203.17316,446907.7542
p000233.jpg,85202.2756,446907.7583
p000234.jpg,85201.77286,446908.0287
p000235.jpg,85201.39711,446908.219
p000236.jpg,85201.03952,446908.3502
p000237.jpg,85200.41325,446908.1797
p000238.jpg,85200.32602,446907.9618
p000239.jpg,85200.15009,446907.2069
p000240.jpg,85199.66335,446906.5657
p000241.jpg,85199.13527,446905.8542
p000242.jpg,85198.67737,446905.3671
p000243.jpg,85198.13658,446904.7184
p000244.jpg,85197.70718,446904.1434
p000245.jpg,85197.17654,446903.6421
p000246.jpg,85196.8479,446903.371
p000247.jpg,85196.50546,446903.4961
p000248.jpg,85196.08118,446903.8588
p000249.jpg,85195.59338,446904.2737
p000250.jpg,85195.05341,446904.7259
p000251.jpg,85194.51044,446905.181
p000252.jpg,85193.90831,446905.6907
p000253.jpg,85193.30162,446906.1769
p000254.jpg,85192.63101,446906.6809
p000255.jpg,85192.01068,446907.2112
p000256.jpg,85191.37132,446907.7262
p000257.jpg,85190.67068,446908.3142
p000258.jpg,85190.01994,446908.8633
p000259.jpg,85189.35452,446909.3661
p000260.jpg,85188.79282,446909.8937
p000261.jpg,85188.87823,446910.3558
p000262.jpg,85189.25632,446910.8121
p000263.jpg,85189.92834,446911.4749
p000264.jpg,85190.40002,446912.0594
p000265.jpg,85190.88911,446912.6531
p000266.jpg,85191.37836,446913.2598
p000267.jpg,85191.86661,446913.8786
p000268.jpg,85192.26195,446914.2589
p000269.jpg,85192.66516,446914.4863
p000270.jpg,85193.03871,446914.0681
p000271.jpg,85193.54556,446913.4871
p000272.jpg,85194.30698,446912.7415
p000273.jpg,85195.21748,446912.0736
p000274.jpg,85195.98041,446911.4125
p000275.jpg,85196.71884,446910.7534
p000276.jpg,85197.61572,446910.1078
p000277.jpg,85198.52248,446909.5174
p000278.jpg,85199.4379,446909.0981
p000279.jpg,85200.27887,446908.4993
p000280.jpg,85200.72867,446907.994
p000281.jpg,85200.98546,446908.0599
p000282.jpg,85201.69028,446907.9097
p000283.jpg,85202.37888,446907.4409
p000284.jpg,85203.04156,446906.7002
p000285.jpg,85203.7952,446905.945
p000286.jpg,85204.57446,446905.2491
p000287.jpg,85205.39769,446904.5599
p000288.jpg,85206.19781,446903.9587
p000289.jpg,85206.85535,446903.371
p000290.jpg,85207.07059,446902.714
p000291.jpg,85206.74626,446902.1036
p000292.jpg,85206.23222,446901.511
p000293.jpg,85205.79301,446900.9039
p000294.jpg,85205.37219,446900.2691
p000295.jpg,85204.93326,446899.7557
p000296.jpg,85204.45,446899.8071
p000297.jpg,85203.86537,446900.2902
p000298.jpg,85203.15326,446901.0042
p000299.jpg,85202.4337,446901.8135
p000300.jpg,85201.66577,446902.592
p000301.jpg,85200.92685,446903.2042
p000302.jpg,85200.13644,446903.4691
p000303.jpg,85199.34439,446903.0759
p000304.jpg,85198.60611,446902.4343
p000305.jpg,85197.85306,446901.7133
p000306.jpg,85197.38873,446901.0499
p000307.jpg,85197.6604,446901.1333
p000308.jpg,85198.04274,446901.916
p000309.jpg,85198.71304,446902.6785
p000310.jpg,85199.43561,446903.3848
p000311.jpg,85200.27663,446903.5706
p000312.jpg,85200.99895,446903.0181
p000313.jpg,85201.73561,446902.3256
p000314.jpg,85202.56393,446901.6032
p000315.jpg,85203.48451,446900.939
p000316.jpg,85204.41325,446900.5846
p000317.jpg,85205.32208,446900.7455
p000318.jpg,85206.08302,446901.3086
p000319.jpg,85206.85393,446901.9703
p000320.jpg,85207.76022,446902.2297
p000321.jpg,85208.65636,446901.9121
p000322.jpg,85209.48253,446901.4349
p000323.jpg,85210.23553,446900.852
p000324.jpg,85210.9572,446900.2176
p000325.jpg,85211.67989,446899.5723
p000326.jpg,85212.42476,446898.8511
p000327.jpg,85213.17738,446898.1519
p000328.jpg,85214.01074,446897.5002
p000329.jpg,85214.8788,446896.8193
p000330.jpg,85215.72626,446896.1079
p000331.jpg,85216.569,446895.3858
p000332.jpg,85217.44514,446894.6692
p000333.jpg,85218.28664,446894.0609
p000334.jpg,85218.98129,446893.459
p000335.jpg,85219.24254,446892.7914
p000336.jpg,85218.87256,446892.1531
p000337.jpg,85218.18765,446891.3628
p000338.jpg,85217.48358,446890.4976
p000339.jpg,85216.78929,446889.6028
p000340.jpg,85216.16341,446888.7496
p000341.jpg,85215.55847,446887.9322
p000342.jpg,85214.96149,446887.2338
p000343.jpg,85214.52617,446887.1532
p000344.jpg,85214.87877,446887.5449
p000345.jpg,85215.46771,446888.1187
p000346.jpg,85216.20529,446888.9305
p000347.jpg,85216.83884,446889.7183
p000348.jpg,85217.49261,446890.4914
p000349.jpg,85218.17892,446891.2136
p000350.jpg,85218.88924,446891.9805
p000351.jpg,85219.56927,446892.4337
p000352.jpg,85220.28879,446892.1692
p000353.jpg,85221.0666,446891.7048
p000354.jpg,85221.86414,446891.0192
p000355.jpg,85222.65245,446890.4404
p000356.jpg,85223.39172,446889.9814
p000357.jpg,85224.08987,446889.589
p000358.jpg,85224.91046,446889.1851
p000359.jpg,85225.74129,446888.6456
p000360.jpg,85226.57805,446888.027
p000361.jpg,85227.53033,446887.4166
p000362.jpg,85228.42628,446886.8242
p000363.jpg,85229.17532,446886.173
p000364.jpg,85229.48206,446885.3351
p000365.jpg,85229.19275,446884.6005
p000366.jpg,85228.40634,446884.2682
p000367.jpg,85227.45589,446884.4698
p000368.jpg,85226.59346,446884.8185
p000369.jpg,85225.75786,446885.1693
p000370.jpg,85224.86185,446885.458
p000371.jpg,85223.9118,446885.4029
p000372.jpg,85223.04633,446884.8988
p000373.jpg,85222.23077,446884.1743
p000374.jpg,85221.46443,446883.3113
p000375.jpg,85220.7393,446882.4221
p000376.jpg,85220.05388,446881.5221
p000377.jpg,85219.36644,446880.559
p000378.jpg,85218.7018,446879.6267
p000379.jpg,85217.97162,446878.7081
p000380.jpg,85217.30692,446877.825
p000381.jpg,85216.55867,446876.9082
p000382.jpg,85215.85809,446875.9935
p000383.jpg,85215.17667,446875.1146
p000384.jpg,85214.40485,446874.1878
p000385.jpg,85213.62259,446873.3048
p000386.jpg,85212.75903,446872.3359
p000387.jpg,85211.9622,446871.4248
p000388.jpg,85211.25937,446870.5047
p000389.jpg,85210.50098,446869.6171
p000390.jpg,85209.76697,446868.7302
p000391.jpg,85209.07736,446867.8313
p000392.jpg,85208.36581,446866.8962
p000393.jpg,85207.63129,446865.9659
p000394.jpg,85206.8403,446865.0453
p000395.jpg,85206.06741,446864.2053
p000396.jpg,85205.32245,446863.3297
p000397.jpg,85204.65402,446862.4859
p000398.jpg,85204.0103,446861.6161
p000399.jpg,85203.27821,446860.6702
p000400.jpg,85202.57007,446859.8015
p000401.jpg,85201.89113,446858.9004
p000402.jpg,85201.17044,446858.0695
p000403.jpg,85200.30078,446857.3237
p000404.jpg,85199.27341,446856.8926
p000405.jpg,85198.24223,446857.0361
p000406.jpg,85197.44087,446857.6437
p000407.jpg,85196.7359,446858.3315
p000408.jpg,85196.13049,446859.058
p000409.jpg,85195.45753,446859.7859
p000410.jpg,85194.71759,446860.4739
p000411.jpg,85193.8073,446861.0481
p000412.jpg,85192.84732,446861.6193
p000413.jpg,85192.09846,446861.5242
p000414.jpg,85191.59058,446860.7742
p000415.jpg,85191.49115,446861.0247
p000416.jpg,85191.96107,446861.7124
p000513.jpg,85192.12744,446862.1617
p000514.jpg,85192.73758,446862.4452
p000515.jpg,85193.28986,446861.8291
p000516.jpg,85193.7502,446861.1006
p000517.jpg,85194.51224,446860.6321
p000518.jpg,85195.40015,446860.4398
p000519.jpg,85196.41582,446860.6896
p000520.jpg,85197.2468,446861.2859
p000521.jpg,85197.89587,446862.0966
p000522.jpg,85198.02875,446862.9471
p000523.jpg,85197.39941,446863.8193
p000524.jpg,85196.52138,446864.3775
p000525.jpg,85195.69795,446864.7998
p000526.jpg,85195.14203,446865.222
p000527.jpg,85195.31046,446865.5425
p000528.jpg,85195.72719,446865.0054
p000529.jpg,85196.56369,446864.4406
p000530.jpg,85197.6069,446864.1416
p000531.jpg,85198.75784,446863.8414
p000532.jpg,85199.89929,446863.4413
p000533.jpg,85200.9068,446862.9152
p000534.jpg,85201.83,446862.2944
p000535.jpg,85202.7901,446861.8801
p000536.jpg,85203.81636,446861.9901
p000537.jpg,85204.71713,446862.5994
p000538.jpg,85205.48251,446863.4682
p000539.jpg,85206.20947,446864.3221
p000540.jpg,85206.89502,446865.2458
p000541.jpg,85207.68437,446866.1595
p000542.jpg,85208.44989,446867.041
p000543.jpg,85209.198,446868.0232
p000544.jpg,85209.974,446868.9898
p000545.jpg,85210.68315,446869.9039
p000546.jpg,85211.59543,446870.8754
p000547.jpg,85212.36325,446871.8158
p000548.jpg,85213.13821,446872.7816
p000549.jpg,85213.96249,446873.8271
p000550.jpg,85214.72826,446874.8256
p000551.jpg,85215.57669,446875.8061
p000552.jpg,85216.33621,446876.7631
p000553.jpg,85217.10492,446877.6918
p000554.jpg,85217.89171,446878.6181
p000555.jpg,85218.67236,446879.6188
p000556.jpg,85219.44267,446880.54
p000557.jpg,85220.24208,446881.5042
p000558.jpg,85221.01874,446882.39
p000559.jpg,85221.77377,446883.2999
p000560.jpg,85222.48523,446884.2288
p000561.jpg,85223.33569,446885.182
p000562.jpg,85224.12131,446886.0703
p000563.jpg,85224.89183,446886.967
p000564.jpg,85225.32883,446887.9014
p000565.jpg,85225.17746,446888.8716
p000566.jpg,85224.41582,446889.6114
p000567.jpg,85223.48628,446890.2626
p000568.jpg,85222.44141,446891.0116
p000569.jpg,85221.44662,446891.7698
p000570.jpg,85220.49646,446892.454
p000571.jpg,85219.53267,446893.1911
p000572.jpg,85218.5484,446894.0128
p000573.jpg,85217.55154,446894.9789
p000574.jpg,85216.50972,446895.7664
p000575.jpg,85215.39081,446896.3899
p000576.jpg,85214.23386,446896.8364
p000577.jpg,85213.36188,446896.7934
p000578.jpg,85213.07112,446896.658
p000579.jpg,85212.77637,446896.3669
p000580.jpg,85212.47528,446895.8893
p000581.jpg,85212.10974,446895.5476
p000582.jpg,85212.10646,446895.1642
p000583.jpg,85212.48701,446895.0599
p000584.jpg,85212.57191,446895.387
p000585.jpg,85212.58904,446895.5108
p000586.jpg,85212.56451,446895.521
p000587.jpg,85212.56564,446895.4918
p000588.jpg,85212.5433,446895.4918
p000589.jpg,85212.51701,446895.4138
p000590.jpg,85212.67709,446895.4903
p000591.jpg,85212.48265,446895.3503
p000592.jpg,85212.09218,446894.782
p000593.jpg,85211.4921,446894.1601
p000594.jpg,85211.26361,446893.3803
p000595.jpg,85211.68591,446892.743
p000596.jpg,85212.32137,446892.1917
p000597.jpg,85212.80338,446891.6603
p000598.jpg,85212.62048,446891.2545
p000599.jpg,85212.53798,446891.6437
p000600.jpg,85212.22192,446891.9417
p000601.jpg,85211.59283,446892.4335
p000602.jpg,85210.76559,446892.9901
p000603.jpg,85209.96283,446893.5766
p000604.jpg,85209.29419,446894.2411
p000605.jpg,85208.45886,446894.8895
p000606.jpg,85207.78981,446895.3987
p000607.jpg,85207.74301,446895.9098
p000608.jpg,85208.26624,446896.3128
p000609.jpg,85208.73788,446896.8976
p000610.jpg,85208.91588,446896.6489
p000611.jpg,85208.3103,446896.5438
p000612.jpg,85208.17065,446895.6564
p000613.jpg,85208.72141,446894.8401
p000614.jpg,85209.63535,446894.1325
p000615.jpg,85210.57755,446893.7673
p000616.jpg,85211.55673,446894.1724
p000617.jpg,85212.24858,446894.9605
p000618.jpg,85212.63394,446895.7972
p000619.jpg,85212.74194,446896.0572
p000620.jpg,85212.70743,446895.9854
p000621.jpg,85212.43068,446895.713
p000622.jpg,85212.5658,446895.7354
p000623.jpg,85213.11945,446896.2567
p000624.jpg,85213.78897,446896.8105
p000625.jpg,85213.85797,446897.4072
p000626.jpg,85213.27368,446897.9877
p000627.jpg,85212.43889,446898.7455
p000628.jpg,85211.47514,446899.53
p000629.jpg,85210.47559,446900.3618
p000630.jpg,85209.51695,446901.1159
p000631.jpg,85208.58061,446901.8831
p000632.jpg,85207.63638,446902.6229
p000633.jpg,85206.63885,446903.4497
p000634.jpg,85205.69437,446904.2806
p000635.jpg,85204.78482,446905.0472
p000636.jpg,85204.0437,446905.8809
p000637.jpg,85203.73582,446906.8323
p000638.jpg,85203.99304,446907.7135
p000639.jpg,85204.51337,446908.6925
p000640.jpg,85205.07452,446909.6559
p000641.jpg,85205.41647,446910.3901
p000642.jpg,85204.71959,446910.3367
p000643.jpg,85204.06853,446910.7125
p000644.jpg,85203.73489,446911.0037
p000645.jpg,85203.71585,446911.5481
p000646.jpg,85203.67523,446912.153
p000647.jpg,85204.15842,446912.8931
p000648.jpg,85204.71338,446913.5815
p000649.jpg,85205.1557,446914.3364
p000650.jpg,85205.01288,446915.1747
p000651.jpg,85204.30109,446915.8689
p000652.jpg,85203.49803,446916.2274
p000653.jpg,85203.32675,446916.6421
p000654.jpg,85203.72745,446916.6284
p000655.jpg,85203.96324,446916.0921
p000656.jpg,85204.65665,446915.5826
p000657.jpg,85205.62106,446915.521
p000658.jpg,85206.54361,446915.9911
p000659.jpg,85207.35214,446916.7955
p000660.jpg,85207.95923,446917.6015
p000661.jpg,85208.51328,446918.3536
p000662.jpg,85208.96161,446919.2125
p000663.jpg,85209.44786,446920.238
p000664.jpg,85210.05521,446921.1458
p000665.jpg,85210.8038,446922.045
p000666.jpg,85211.51593,446922.8419
p000667.jpg,85212.30038,446923.6978
p000668.jpg,85213.08121,446924.5197
p000669.jpg,85214.01837,446925.2224
p000670.jpg,85214.9332,446925.4182
p000671.jpg,85215.7431,446925.0982
p000672.jpg,85216.65268,446924.7759
p000673.jpg,85217.56384,446925.0795
p000674.jpg,85218.30258,446925.8182
p000675.jpg,85218.93176,446926.7321
p000676.jpg,85219.49617,446927.598
p000677.jpg,85220.17004,446928.5179
p000678.jpg,85220.86313,446929.4567
p000679.jpg,85221.59283,446930.4081
p000680.jpg,85222.29417,446931.2871
p000681.jpg,85223.07584,446932.1987
p000682.jpg,85223.79056,446933.0877
p000683.jpg,85224.56793,446933.9388
p000684.jpg,85225.42026,446934.8849
p000685.jpg,85226.15413,446935.6984
p000686.jpg,85226.98114,446936.3649
p000687.jpg,85227.93159,446936.343
p000964.jpg,85228.47365,446937.3132
p000965.jpg,85228.93005,446938.1456
p000966.jpg,85229.61189,446939.1023
p000967.jpg,85230.34918,446939.9986
p000968.jpg,85231.02704,446940.9083
p000969.jpg,85231.69678,446941.8076
p000970.jpg,85232.4097,446942.6679
p000971.jpg,85233.16333,446943.5413
p000972.jpg,85233.88425,446944.4064
p000973.jpg,85234.49612,446945.2535
p000974.jpg,85235.17809,446946.112
p000975.jpg,85235.85318,446946.9337
p000976.jpg,85236.53258,446947.8007
p000977.jpg,85237.18964,446948.6328
p000978.jpg,85237.78432,446949.3373
p000979.jpg,85238.40857,446950.1717
p000980.jpg,85238.98463,446950.9814
p000981.jpg,85239.64581,446951.7892
p000982.jpg,85240.36046,446952.6115
p000983.jpg,85241.01485,446953.4128
p000984.jpg,85241.6722,446954.2755
p000985.jpg,85242.31555,446955.1479
p000986.jpg,85243.03607,446955.9571
p000987.jpg,85243.7646,446956.8494
p000988.jpg,85244.35289,446957.7361
p000989.jpg,85244.95882,446958.5581
p000990.jpg,85245.56802,446959.3079
p000991.jpg,85246.26381,446960.1456
p000992.jpg,85246.93396,446960.9103
p000993.jpg,85247.68555,446961.7195
p000994.jpg,85248.40231,446962.605
p000995.jpg,85248.93784,446963.5104
p000996.jpg,85249.56334,446964.3665
p000997.jpg,85250.35576,446965.2143
p000998.jpg,85251.05597,446966.0261
p000999.jpg,85251.83069,446966.8522
p001000.jpg,85252.58403,446967.5868
p001001.jpg,85253.40048,446968.2027
p001002.jpg,85254.3465,446968.6395
p001003.jpg,85255.23216,446969.0162
p001004.jpg,85256.05731,446969.4968
p001005.jpg,85256.75809,446970.1764
p001006.jpg,85257.23682,446970.8613
p001007.jpg,85257.77097,446971.5009
p001008.jpg,85258.2485,446972.3275
p001009.jpg,85258.33002,446973.2123
p001010.jpg,85258.11795,446974.1573
p001011.jpg,85258.02747,446975.1542
p001012.jpg,85258.35635,446976.0291
p001013.jpg,85258.92374,446976.8083
p001014.jpg,85259.64581,446977.5939
p001015.jpg,85260.24231,446978.3845
p001016.jpg,85260.83673,446979.1608
p001018.jpg,85261.63968,446980.2259
p001019.jpg,85260.98599,446979.6089
p001020.jpg,85260.48932,446978.856
p001021.jpg,85259.88443,446978.3185
p001022.jpg,85259.18564,446977.7372
p001023.jpg,85258.56451,446977.0886
p001024.jpg,85258.03036,446976.4073
p001025.jpg,85257.8172,446975.6393
p001026.jpg,85257.93201,446974.7088
p001027.jpg,85257.95993,446973.6466
p001028.jpg,85257.72348,446972.754
p001029.jpg,85257.10855,446972.0261
p001030.jpg,85256.23373,446971.7369
p001031.jpg,85255.39229,446971.9664
p001032.jpg,85254.58543,446972.5591
p001033.jpg,85253.72525,446973.2205
p001034.jpg,85252.90697,446973.8322
p001035.jpg,85252.24571,446974.4332
p001036.jpg,85252.35995,446974.75
p001037.jpg,85252.61349,446974.0541
p001038.jpg,85253.37556,446973.3627
p001039.jpg,85254.16968,446972.6727
p001040.jpg,85255.04033,446972.0426
p001041.jpg,85255.87102,446971.4753
p001042.jpg,85256.34485,446970.8069
p001043.jpg,85256.35516,446970.1908
p001044.jpg,85255.78387,446969.7328
p001045.jpg,85254.85988,446969.3167
p001046.jpg,85253.94308,446968.757
p001047.jpg,85253.13757,446968.0757
p001048.jpg,85252.28557,446967.3234
p001049.jpg,85251.54953,446966.4736
p001050.jpg,85250.79561,446965.5143
p001051.jpg,85250.0555,446964.5889
p001052.jpg,85249.36714,446963.7227
p001053.jpg,85248.60895,446962.7499
p001054.jpg,85247.82349,446961.8975
p001055.jpg,85247.05978,446961.0203
p001056.jpg,85246.22371,446960.1667
p001057.jpg,85245.44199,446959.2355
p001058.jpg,85244.7103,446958.2999
p001059.jpg,85243.87976,446957.3495
p001060.jpg,85243.12364,446956.35
p001061.jpg,85242.42874,446955.3895
p001062.jpg,85241.58377,446954.3391
p001063.jpg,85240.78687,446953.3659
p001064.jpg,85239.97128,446952.3469
p001065.jpg,85239.17468,446951.3511
p001066.jpg,85238.39772,446950.3995
p001067.jpg,85237.61621,446949.4542
p001068.jpg,85236.82959,446948.5342
p001069.jpg,85235.98502,446947.5369
p001070.jpg,85235.27434,446946.5502
p001071.jpg,85234.61017,446945.5834
p001072.jpg,85233.81618,446944.6696
p001073.jpg,85233.06079,446943.7902
p001074.jpg,85232.29086,446942.8972
p001075.jpg,85231.78532,446941.9123
p001076.jpg,85231.7606,446941.063
p001077.jpg,85232.39543,446940.4807
p001078.jpg,85233.20647,446939.6144
p001079.jpg,85234.01785,446938.7581
p001080.jpg,85234.96588,446938.0796
p001081.jpg,85235.89549,446937.3119
p001082.jpg,85236.91547,446936.6746
p001083.jpg,85237.76219,446935.9735
p001084.jpg,85238.52417,446935.1207
p001085.jpg,85239.44601,446934.4186
p001086.jpg,85240.37213,446933.8601
p001087.jpg,85241.28345,446933.2178
p001088.jpg,85242.14194,446932.5554
p001089.jpg,85242.66339,446931.804
p001090.jpg,85242.47232,446932.0239
p001091.jpg,85241.91954,446932.752
p001092.jpg,85241.04359,446933.502
p001093.jpg,85240.03647,446934.2645
p001094.jpg,85239.05524,446934.8698
p001095.jpg,85238.15332,446935.6302
p001096.jpg,85237.21217,446936.4019
p001097.jpg,85236.22362,446937.2355
p001098.jpg,85235.23676,446938.0945
p001099.jpg,85234.18036,446938.8093
p001100.jpg,85233.29651,446939.6741
p001101.jpg,85232.43732,446940.5295
p001102.jpg,85231.31226,446940.4994
p001103.jpg,85230.38754,446939.7736
p001104.jpg,85229.5571,446938.7744
p001105.jpg,85229.00253,446937.7642
p001106.jpg,85228.95712,446936.6196
p001107.jpg,85229.46141,446935.49
p001108.jpg,85230.27832,446934.5083
p001109.jpg,85231.09756,446933.57
p001110.jpg,85232.01323,446932.699
p001111.jpg,85232.99843,446931.8082
p001112.jpg,85233.95737,446930.9869
p001113.jpg,85234.88498,446930.1144
p001114.jpg,85235.79263,446929.0844
p001115.jpg,85236.68137,446928.1711
p001116.jpg,85237.6188,446927.2221
p001117.jpg,85238.56082,446926.3505
p001118.jpg,85239.49945,446925.4515
p001119.jpg,85240.39182,446924.5923
p001120.jpg,85241.23126,446923.7449
p001121.jpg,85242.08737,446922.8858
p001122.jpg,85242.98973,446922.0142
p001123.jpg,85243.91179,446921.2491
p001124.jpg,85244.77408,446920.5476
p001125.jpg,85245.76456,446920.0717
p001126.jpg,85246.74118,446920.0317
p001127.jpg,85247.63519,446920.4276
p001128.jpg,85248.51889,446921.0603
p001129.jpg,85249.38739,446921.776
p001130.jpg,85250.07831,446922.6375
p001131.jpg,85250.67915,446923.6583
p001132.jpg,85251.12747,446924.8059
p001133.jpg,85251.45892,446925.8698
p001134.jpg,85251.12996,446925.6334
p001135.jpg,85250.808,446924.5126
p001136.jpg,85250.32767,446923.3614
p001137.jpg,85249.74811,446922.1464
p001138.jpg,85249.18158,446920.9197
p001139.jpg,85248.88814,446919.6101
p001140.jpg,85248.61183,446918.2673
p001141.jpg,85248.10612,446917.2454
p001142.jpg,85247.34532,446916.639
p001143.jpg,85246.41214,446915.8017
p001144.jpg,85245.24658,446914.5931
p001145.jpg,85244.1525,446913.1708
p001146.jpg,85243.16127,446911.7433
p001147.jpg,85242.27287,446910.3696
p001148.jpg,85241.38014,446909.0063
p001149.jpg,85240.50354,446907.5478
p001150.jpg,85239.6554,446906.1906
p001151.jpg,85238.65894,446904.7807
p001152.jpg,85237.77133,446903.5258
p001153.jpg,85236.83263,446902.1832
p001154.jpg,85235.9012,446900.9973
p001155.jpg,85234.87856,446899.8693
p001156.jpg,85233.88715,446898.8168
p001157.jpg,85232.89105,446897.8216
p001158.jpg,85232.07108,446897.0258
p001159.jpg,85231.39023,446896.405
p001160.jpg,85230.90073,446895.7705
p001161.jpg,85230.44589,446895.235
p001162.jpg,85229.93423,446894.5624
p001163.jpg,85229.18582,446893.6661
p001164.jpg,85228.39764,446892.6199
p001165.jpg,85227.66655,446891.4139
p001166.jpg,85226.99753,446890.2747
p001167.jpg,85226.34048,446889.466
p001168.jpg,85226.03177,446888.5209
p001169.jpg,85226.61017,446887.3999
p001170.jpg,85227.56506,446886.673
p001171.jpg,85228.55833,446886.0779
p001172.jpg,85229.0426,446885.3417
p001173.jpg,85228.86891,446884.5551
p001174.jpg,85228.05984,446884.2589
p001175.jpg,85227.2522,446884.4178
p001176.jpg,85226.31528,446884.8326
p001177.jpg,85225.41841,446885.1149
p001178.jpg,85224.5589,446885.1486
p001179.jpg,85223.6763,446885.0462
p001180.jpg,85222.7941,446884.7329
p001181.jpg,85221.8907,446883.9655
p001182.jpg,85221.07367,446883.0471
p001183.jpg,85220.36151,446882.1108
p001184.jpg,85219.60922,446881.1827
p001185.jpg,85218.88757,446880.2281
p001186.jpg,85218.19026,446879.1481
p001187.jpg,85217.38477,446878.1456
p001188.jpg,85216.57724,446877.0795
p001189.jpg,85215.71359,446876.019
p001190.jpg,85214.8636,446874.9859
p001191.jpg,85214.005,446874.0135
p001192.jpg,85213.21967,446873.0098
p001193.jpg,85212.40085,446871.9761
p001194.jpg,85211.54111,446870.9315
p001195.jpg,85210.70374,446869.9235
p001196.jpg,85209.81616,446868.9185
p001197.jpg,85209.02448,446867.9412
p001198.jpg,85208.23328,446866.9568
p001199.jpg,85207.41214,446865.8657
p001200.jpg,85206.58701,446864.8893
p001201.jpg,85205.72977,446863.9225
p001202.jpg,85204.89709,446862.9374
p001203.jpg,85204.06366,446861.9763
p001204.jpg,85203.25385,446860.9771
p001205.jpg,85202.48996,446860.0021
p001206.jpg,85201.60695,446859.0448
p001207.jpg,85200.67311,446858.1794
p001208.jpg,85199.74176,446857.3925
p001209.jpg,85198.85286,446857.22
p001210.jpg,85197.97449,446857.6448
p001211.jpg,85197.13269,446858.4706
p001212.jpg,85196.32599,446859.2653
p001213.jpg,85195.49319,446860.0496
p001214.jpg,85194.53064,446860.6466
p001215.jpg,85193.48581,446860.7429
p001216.jpg,85192.57263,446860.3744
p001217.jpg,85191.73573,446860.171
p001218.jpg,85191.34244,446860.6726
p001219.jpg,85191.78754,446861.412
p001220.jpg,85192.39432,446862.1964
p001221.jpg,85192.97913,446862.2448
p001222.jpg,85193.28641,446861.5883
p001223.jpg,85194.01215,446860.8444
p001224.jpg,85194.67474,446859.9952
p001225.jpg,85195.29929,446859.0117
p001226.jpg,85196.14279,446857.9906
p001227.jpg,85197.28368,446857.2615
p001228.jpg,85198.42722,446857.087
p001229.jpg,85199.56822,446857.4421
p001230.jpg,85200.66528,446858.0079
p001231.jpg,85201.52992,446858.826
p001232.jpg,85202.10411,446859.8215
p001233.jpg,85202.31027,446860.9531
p001234.jpg,85201.97672,446862.0129
p001235.jpg,85201.2489,446862.9299
p001236.jpg,85200.21259,446863.5414
p001237.jpg,85199.00369,446863.7354
p001238.jpg,85197.81067,446863.8729
p001239.jpg,85196.7337,446864.1387
p001240.jpg,85195.80118,446864.6367
p001241.jpg,85195.63181,446865.1057
p001242.jpg,85196.36909,446864.7224
p001243.jpg,85197.40417,446864.2368
p001244.jpg,85198.58203,446863.9114
p001245.jpg,85199.74338,446863.5468
p001246.jpg,85200.75513,446862.9938
p001247.jpg,85201.67111,446862.2606
p001248.jpg,85202.54889,446861.6368
p001249.jpg,85203.52704,446861.7258
p001250.jpg,85204.48849,446862.3372
p001251.jpg,85205.3848,446863.2917
p001252.jpg,85206.18677,446864.2829
p001253.jpg,85207.03162,446865.2455
p001254.jpg,85207.84323,446866.2142
p001255.jpg,85208.70074,446867.2274
p001256.jpg,85209.48358,446868.259
p001257.jpg,85210.22346,446869.2726
p001258.jpg,85211.06102,446870.3516
p001259.jpg,85211.83827,446871.3032
p001260.jpg,85212.64806,446872.2913
p001261.jpg,85213.50087,446873.3313
p001262.jpg,85214.26312,446874.2855
p001263.jpg,85215.05832,446875.312
p001264.jpg,85215.8465,446876.3216
p001265.jpg,85216.62282,446877.2812
p001266.jpg,85217.41574,446878.2393
p001267.jpg,85218.23486,446879.1525
p001268.jpg,85219.10461,446880.194
p001269.jpg,85219.8389,446881.2014
p001270.jpg,85220.60074,446882.2133
p001271.jpg,85221.46396,446883.2495
p001272.jpg,85222.28078,446884.2612
p001273.jpg,85223.07927,446885.2399
p001274.jpg,85223.8279,446886.2485
p001275.jpg,85224.40152,446887.1511
p001276.jpg,85225.08908,446888.0425
p001277.jpg,85225.90665,446888.9318
p001278.jpg,85226.75316,446889.8415
p001279.jpg,85227.55524,446890.8694
p001280.jpg,85228.53763,446892.1125
p001281.jpg,85229.43513,446893.3296
p001282.jpg,85230.23953,446894.5511
p001283.jpg,85231.26163,446895.6961
p001284.jpg,85232.28561,446896.8727
p001285.jpg,85233.23349,446898.0687
p001286.jpg,85234.22917,446899.2612
p001287.jpg,85235.21979,446900.5037
p001288.jpg,85236.1763,446901.5811
p001289.jpg,85237.13069,446902.6838
p001290.jpg,85238.12282,446903.8409
p001291.jpg,85239.08824,446904.9999
p001292.jpg,85239.98293,446906.1307
p001293.jpg,85241.00406,446907.2395
p001294.jpg,85242.03038,446908.2852
p001295.jpg,85243.10628,446909.3896
p001296.jpg,85244.04834,446910.4806
p001297.jpg,85244.73126,446911.7761
p001298.jpg,85245.36142,446912.9775
p001299.jpg,85246.09433,446914.1485
p001300.jpg,85246.88242,446915.3107
p001301.jpg,85247.5058,446916.4207
p001302.jpg,85247.79745,446917.5676
p001303.jpg,85247.41077,446918.6036
p001304.jpg,85246.51781,446919.447
p001305.jpg,85245.45905,446920.3011
p001306.jpg,85244.45613,446921.1754
p001307.jpg,85243.47977,446922.0438
p001308.jpg,85242.46779,446922.9948
p001309.jpg,85241.44617,446923.8392
p001310.jpg,85240.40237,446924.7197
p001311.jpg,85239.36107,446925.5943
p001312.jpg,85238.34023,446926.4355
p001313.jpg,85237.39316,446927.275
p001314.jpg,85236.45616,446928.1242
p001315.jpg,85235.47281,446929.0776
p001316.jpg,85234.55151,446929.9895
p001317.jpg,85233.67064,446930.975
p001318.jpg,85232.84932,446931.9418
p001319.jpg,85232.0697,446932.9145
p001320.jpg,85231.26274,446933.9678
p001321.jpg,85230.48843,446934.9521
p001322.jpg,85229.71461,446935.9487
p001323.jpg,85228.85229,446936.8371
p001324.jpg,85227.76509,446937.1734
p001325.jpg,85226.89098,446936.5526
p001326.jpg,85226.07263,446935.603
p001327.jpg,85225.22083,446934.686
p001328.jpg,85224.36641,446933.7383
p001329.jpg,85223.55273,446932.6286
p001330.jpg,85222.69733,446931.563
p001331.jpg,85221.92525,446930.4646
p001332.jpg,85221.18233,446929.3333
p001333.jpg,85220.35878,446928.2297
p001334.jpg,85219.59067,446927.1848
p001335.jpg,85218.81226,446926.1814
p001336.jpg,85218.20934,446925.0843
p001337.jpg,85218.14499,446924.0732
p001338.jpg,85218.49295,446923.2595
p001339.jpg,85219.1248,446922.5869
p001340.jpg,85219.63058,446922.1511
p001341.jpg,85220.10367,446921.6759
p001342.jpg,85220.85263,446920.9524
p001343.jpg,85221.7079,446920.2393
p001344.jpg,85222.80641,446919.8801
p001345.jpg,85223.79759,446920.0281
p001346.jpg,85224.60381,446920.7993
p001347.jpg,85225.23611,446921.661
p001348.jpg,85226.08212,446922.5776
p001349.jpg,85226.86063,446923.4033
p001350.jpg,85227.7933,446924.2308
p001351.jpg,85228.70291,446925.0266
p001352.jpg,85229.76976,446925.6667
p001353.jpg,85230.92332,446925.7997
p001354.jpg,85232.12633,446925.6367
p001355.jpg,85233.25659,446925.1837
p001356.jpg,85234.33296,446924.5226
p001357.jpg,85235.3264,446923.7811
p001358.jpg,85236.27628,446922.9687
p001359.jpg,85237.23024,446922.359
p001360.jpg,85237.31754,446922.7542
p001361.jpg,85236.29665,446923.3592
p001362.jpg,85235.32608,446923.9968
p001363.jpg,85234.20003,446924.7073
p001364.jpg,85233.07896,446925.2759
p001365.jpg,85231.95494,446925.7471
p001366.jpg,85230.8044,446925.5653
p001367.jpg,85229.78714,446924.8696
p001368.jpg,85229.02417,446923.8098
p001369.jpg,85228.39954,446922.6313
p001370.jpg,85227.74878,446921.6119
p001371.jpg,85227.08688,446920.6168
p001372.jpg,85226.94792,446919.4402
p001373.jpg,85227.68764,446918.5666
p001374.jpg,85228.69885,446917.869
p001375.jpg,85229.72258,446917.2698
p001376.jpg,85230.71715,446916.6354
p001377.jpg,85231.59857,446915.9608
p001378.jpg,85232.16949,446915.2571
p001379.jpg,85232.05669,446914.6766
p001380.jpg,85231.40735,446914.8018
p001381.jpg,85230.6734,446915.3944
p001382.jpg,85229.70274,446916.236
p001383.jpg,85228.74275,446917.0357
p001384.jpg,85227.76355,446917.8126
p001385.jpg,85226.73267,446918.5943
p001386.jpg,85225.71741,446919.2632
p001387.jpg,85224.67545,446919.7841
p001388.jpg,85223.61226,446920.1023
p001389.jpg,85222.61188,446920.1144
p001390.jpg,85221.73096,446919.7969
p001391.jpg,85221.17459,446918.9751
p001392.jpg,85220.81285,446917.8963
p001393.jpg,85220.42825,446916.8961
p001394.jpg,85219.95078,446915.9254
p001395.jpg,85219.30466,446914.9173
p001396.jpg,85218.54263,446914.0178
p001397.jpg,85217.74623,446913.1912
p001398.jpg,85216.87186,446912.4035
p001399.jpg,85216.1338,446911.605
p001400.jpg,85215.62619,446910.686
p001401.jpg,85215.10965,446909.8322
p001402.jpg,85214.50626,446909.0331
p001403.jpg,85213.88283,446908.2988
p001404.jpg,85213.87431,446908.478
p001405.jpg,85214.55328,446908.9152
p001406.jpg,85215.18146,446909.5169
p001407.jpg,85215.78329,446910.4385
p001408.jpg,85216.30017,446911.3593
p001409.jpg,85216.94975,446912.2238
p001410.jpg,85217.7899,446913.0142
p001411.jpg,85218.61169,446913.9252
p001412.jpg,85219.41989,446914.901
p001413.jpg,85220.08395,446915.8704
p001414.jpg,85220.5818,446916.9865
p001415.jpg,85220.78244,446918.2314
p001416.jpg,85220.77362,446919.5005
p001417.jpg,85220.4949,446920.8326
p001418.jpg,85219.92696,446921.9459
p001419.jpg,85219.42282,446922.5245
p001420.jpg,85218.96202,446922.9246
p001421.jpg,85218.39273,446923.4354
p001422.jpg,85217.37372,446923.697
p001423.jpg,85216.35162,446923.1758
p001424.jpg,85215.52858,446922.3524
p001425.jpg,85214.84753,446921.5136
p001426.jpg,85214.16727,446920.6253
p001427.jpg,85213.34818,446919.8557
p001428.jpg,85212.72133,446918.9852
p001429.jpg,85212.06012,446918.0783
p001430.jpg,85211.34644,446917.2448
p001431.jpg,85210.59297,446916.3235
p001432.jpg,85209.87761,446915.4401
p001433.jpg,85209.19118,446914.6079
p001434.jpg,85208.41048,446913.7725
p001435.jpg,85207.6864,446912.8687
p001436.jpg,85206.91943,446911.9318
p001437.jpg,85206.12802,446911.0321
p001438.jpg,85205.37064,446910.1595
p001439.jpg,85204.58958,446909.2628
p001440.jpg,85203.87045,446908.2682
p001441.jpg,85203.633,446907.1992
p001442.jpg,85203.7924,446906.2095
p001443.jpg,85204.4552,446905.3367
p001444.jpg,85205.33456,446904.4576
p001445.jpg,85206.24916,446903.6132
p001446.jpg,85207.20776,446902.7975
p001447.jpg,85208.27643,446902.0077
p001448.jpg,85209.2964,446901.2666
p001449.jpg,85210.26022,446900.3944
p001450.jpg,85211.25433,446899.5337
p001451.jpg,85212.32135,446898.7686
p001452.jpg,85213.34425,446897.9741
p001453.jpg,85214.27701,446897.2115
p001454.jpg,85215.34013,446896.4191
p001455.jpg,85216.37149,446895.6945
p001456.jpg,85217.36981,446894.9996
p001457.jpg,85218.29309,446894.2572
p001458.jpg,85219.02489,446893.3737
p001459.jpg,85218.97905,446892.4491
p001460.jpg,85218.35837,446891.5277
p001461.jpg,85217.604,446890.4965
p001462.jpg,85216.8371,446889.4865
p001463.jpg,85216.08997,446888.5452
p001464.jpg,85215.35883,446887.7086
p001465.jpg,85215.02913,446887.7054
p001466.jpg,85215.70702,446888.0647
p001467.jpg,85216.48972,446888.9578
p001468.jpg,85217.24565,446889.8646
p001469.jpg,85218.07605,446890.818
p001470.jpg,85218.79105,446891.6758
p001471.jpg,85219.53906,446892.2917
p001472.jpg,85220.45998,446892.0053
p001473.jpg,85221.46628,446891.3433
p001474.jpg,85222.37712,446890.7087
p001475.jpg,85223.17157,446890.1362
p001476.jpg,85224.03157,446889.6727
p001477.jpg,85225.03122,446889.3188
p001478.jpg,85225.83914,446888.504
p001479.jpg,85226.61098,446887.6886
p001480.jpg,85227.4032,446886.8939
p001481.jpg,85227.65945,446886.0251
p001482.jpg,85227.23996,446885.2794
p001483.jpg,85226.32823,446884.9768
p001484.jpg,85225.34534,446885.1392
p001485.jpg,85224.71925,446885.829
p001486.jpg,85224.82286,446886.8051
p001487.jpg,85225.25516,446887.7897
p001488.jpg,85225.3989,446888.6535
p001489.jpg,85225.01868,446889.3429
p001490.jpg,85223.96397,446889.7648
p001491.jpg,85222.89507,446890.3883
p001492.jpg,85221.8674,446891.1604
p001493.jpg,85220.847,446891.9505
p001494.jpg,85219.8598,446892.7628
p001495.jpg,85218.8689,446893.5635
p001496.jpg,85217.84201,446894.382
p001497.jpg,85216.84644,446895.2013
p001498.jpg,85215.88472,446895.976
p001499.jpg,85214.90138,446896.8288
p001500.jpg,85213.87718,446897.6607
p001501.jpg,85212.87372,446898.4229
p001502.jpg,85211.85312,446899.2026
p001503.jpg,85210.8549,446900.0161
p001504.jpg,85209.79282,446900.918
p001505.jpg,85208.78581,446901.7292
p001506.jpg,85207.77625,446902.5181
p001507.jpg,85206.77173,446903.3774
p001508.jpg,85205.74477,446904.2429
p001509.jpg,85204.74298,446905.0176
p001510.jpg,85203.97423,446905.8314
p001511.jpg,85203.7446,446906.8985
p001512.jpg,85204.15234,446908.0095
p001513.jpg,85204.82668,446909.1002
p001514.jpg,85205.61632,446910.1295
p001515.jpg,85206.48927,446911.1145
p001516.jpg,85207.37675,446912.1053
p001517.jpg,85208.17995,446913.0991
p001518.jpg,85209.00766,446914.1281
p001519.jpg,85209.86115,446915.1248
p001520.jpg,85210.72757,446916.134
p001521.jpg,85211.58582,446917.1567
p001522.jpg,85212.45673,446918.2092
p001523.jpg,85213.33063,446919.1667
p001524.jpg,85214.19513,446920.1718
p001525.jpg,85215.03955,446921.1729
p001526.jpg,85215.90164,446922.2294
p001527.jpg,85216.7789,446923.3036
p001528.jpg,85217.62105,446924.3235
p001529.jpg,85218.43121,446925.4759
p001530.jpg,85219.20648,446926.5153
p001531.jpg,85220.00096,446927.5366
p001532.jpg,85220.78264,446928.578
p001533.jpg,85221.59425,446929.7065
p001534.jpg,85222.41266,446930.7805
p001535.jpg,85223.29298,446931.7582
p001536.jpg,85224.23119,446932.7885
p001537.jpg,85225.15413,446933.6997
p001538.jpg,85226.01291,446934.7028
p001539.jpg,85226.9118,446935.6698
p001540.jpg,85227.80765,446936.6919
p001541.jpg,85228.55705,446937.741
p001542.jpg,85229.37029,446938.7375
p001543.jpg,85230.23102,446939.7745
p001544.jpg,85231.1275,446940.7238
p001545.jpg,85231.93782,446941.7109
p001546.jpg,85232.73242,446942.7817
p001547.jpg,85233.52708,446943.8257
p001548.jpg,85234.33101,446944.8454
p001549.jpg,85235.16226,446945.7774
p001550.jpg,85236.10593,446946.7866
p001551.jpg,85237.06264,446947.8178
p001552.jpg,85237.97981,446948.902
p001553.jpg,85238.76132,446950.0357
p001554.jpg,85239.50082,446951.2516
p001555.jpg,85240.2373,446952.3403
p001556.jpg,85241.07436,446953.3494
p001557.jpg,85241.97151,446954.4247
p001558.jpg,85242.68251,446955.4855
p001559.jpg,85243.41176,446956.5758
p001560.jpg,85244.26566,446957.6143
p001561.jpg,85245.13599,446958.6648
p001562.jpg,85246.00793,446959.648
p001563.jpg,85246.9384,446960.7803
p001564.jpg,85247.7908,446961.7811
p001565.jpg,85248.61484,446962.8105
p001566.jpg,85249.49036,446963.9338
p001567.jpg,85250.27501,446964.9731
p001568.jpg,85251.11195,446966.0451
p001569.jpg,85251.97397,446967.0552
p001570.jpg,85252.88774,446967.97
p001571.jpg,85253.94049,446968.612
p001572.jpg,85255.11021,446969.1118
p001573.jpg,85256.08554,446969.72
p001574.jpg,85256.73267,446970.6581
p001575.jpg,85257.12939,446971.8331
p001576.jpg,85257.50677,446972.9369
p001577.jpg,85257.6889,446974.0717
p001578.jpg,85257.7579,446975.2056
p001579.jpg,85258.12491,446976.2745
p001580.jpg,85258.78802,446977.2268
p001581.jpg,85259.63605,446978.0668
p001582.jpg,85260.37241,446978.7865
p001583.jpg,85260.93207,446979.4927
p001584.jpg,85175.75552,446809.1907
p001585.jpg,85175.10295,446808.5716
p001586.jpg,85174.51804,446807.7397
p001587.jpg,85173.87564,446807.0731
p001588.jpg,85173.07063,446806.4969
p001589.jpg,85172.32715,446805.8361
p001590.jpg,85171.68715,446805.0354
p001591.jpg,85171.14099,446804.3266
p001592.jpg,85170.81789,446803.7638
p001593.jpg,85171.0611,446803.8004
p001594.jpg,85171.46295,446804.7159
p001595.jpg,85172.11276,446805.5057
p001596.jpg,85172.85918,446806.2247
p001597.jpg,85173.73759,446806.8834
p001598.jpg,85174.56909,446807.5826
p001599.jpg,85174.99083,446808.5194
p001600.jpg,85174.68982,446809.5596
p001601.jpg,85174.01793,446810.3711
p001602.jpg,85173.15216,446811.1265
p001603.jpg,85172.2948,446811.94
p001604.jpg,85171.35338,446812.5883
p001605.jpg,85170.28297,446813.0044
p001606.jpg,85169.28281,446812.7629
p001607.jpg,85168.49687,446811.9888
p001608.jpg,85167.7473,446811.0026
p001609.jpg,85167.07303,446810.1037
p001610.jpg,85166.39426,446809.2298
p001611.jpg,85165.69565,446808.5427
p001612.jpg,85165.19626,446808.717
p001613.jpg,85165.72932,446809.2384
p001614.jpg,85166.40138,446810.0215
p001615.jpg,85167.1629,446810.9565
p001616.jpg,85167.94167,446811.8077
p001617.jpg,85168.69066,446812.6266
p001618.jpg,85169.33342,446813.5832
p001619.jpg,85169.31966,446814.5168
p001620.jpg,85168.88078,446815.2838
p001621.jpg,85168.25386,446815.8036
p001622.jpg,85167.71802,446815.901
p001623.jpg,85166.84209,446815.9213
p001624.jpg,85165.76768,446815.6157
p001625.jpg,85164.90121,446814.8183
p001626.jpg,85164.27838,446813.8624
p001627.jpg,85163.70662,446812.8156
p001628.jpg,85163.08087,446811.8542
p001629.jpg,85162.40367,446810.907
p001630.jpg,85161.71732,446810.1071
p001631.jpg,85160.99683,446809.4529
p001632.jpg,85160.42349,446808.7969
p001633.jpg,85160.01665,446807.9751
p001634.jpg,85159.72319,446807.0059
p001635.jpg,85159.30673,446806.0903
p001636.jpg,85158.74309,446805.124
p001637.jpg,85158.26634,446804.0272
p001638.jpg,85158.02127,446802.9329
p001639.jpg,85158.1676,446801.8322
p001640.jpg,85158.61253,446800.8221
p001641.jpg,85159.22455,446799.8768
p001642.jpg,85159.93646,446799.0745
p001643.jpg,85160.71698,446798.3194
p001644.jpg,85161.3358,446797.8591
p001645.jpg,85161.20699,446798.35
p001646.jpg,85161.5016,446799.0755
p001647.jpg,85162.06117,446799.9399
p001648.jpg,85162.73036,446800.7654
p001649.jpg,85163.40213,446801.5444
p001650.jpg,85163.75589,446802.4177
p001651.jpg,85163.41479,446803.2596
p001652.jpg,85162.68347,446803.9913
p001653.jpg,85161.8387,446804.6591
p001654.jpg,85160.98398,446805.332
p001655.jpg,85160.29697,446805.9869
p001656.jpg,85160.48988,446806.28
p001657.jpg,85160.76389,446805.9772
p001658.jpg,85161.53409,446805.4983
p001659.jpg,85162.33545,446804.8574
p001660.jpg,85163.23122,446804.1874
p001661.jpg,85164.02107,446803.5601
p001662.jpg,85164.50629,446802.9045
p001663.jpg,85164.08157,446802.3955
p001664.jpg,85163.39775,446801.6427
p001665.jpg,85162.68712,446800.8149
p001666.jpg,85162.0426,446799.9984
p001667.jpg,85161.36691,446799.2524
p001668.jpg,85160.63667,446798.8851
p001669.jpg,85160.08475,446799.2181
p001670.jpg,85159.29466,446799.7852
p001671.jpg,85158.50876,446800.511
p001672.jpg,85157.77693,446801.1631
p001673.jpg,85157.5098,446801.92
p001674.jpg,85157.65071,446802.8762
p001675.jpg,85158.13437,446803.9273
p001676.jpg,85158.6432,446804.9211
p001677.jpg,85159.1624,446805.9264
p001678.jpg,85159.65401,446806.9853
p001679.jpg,85160.10515,446808.085
p001680.jpg,85160.67725,446809.018
p001681.jpg,85161.5166,446809.7428
p001682.jpg,85162.28883,446810.6564
p001683.jpg,85162.89693,446811.6901
p001684.jpg,85163.51079,446812.7233
p001685.jpg,85164.2235,446813.7252
p001686.jpg,85164.97826,446814.6773
p001687.jpg,85165.7951,446815.6179
p001688.jpg,85166.73199,446816.5242
p001689.jpg,85167.54628,446817.4036
p001690.jpg,85168.23264,446818.3127
p001691.jpg,85169.00639,446819.2297
p001692.jpg,85169.79558,446820.0751
p001693.jpg,85170.59856,446821.0094
p001694.jpg,85171.33678,446821.9363
p001695.jpg,85172.06912,446822.8809
p001696.jpg,85172.85664,446823.8085
p001697.jpg,85173.5499,446824.1404
p001698.jpg,85174.15726,446823.4742
p001699.jpg,85175.07268,446822.5751
p001700.jpg,85176.0192,446821.7038
p001701.jpg,85176.99687,446820.8602
p001702.jpg,85177.91267,446820.0503
p001703.jpg,85178.78934,446819.2347
p001704.jpg,85179.77827,446818.3815
p001705.jpg,85180.70317,446817.62
p001706.jpg,85181.59636,446816.9135
p001707.jpg,85182.40704,446816.2397
p001708.jpg,85182.63072,446815.6152
p001709.jpg,85182.23593,446815.9257
p001710.jpg,85181.45503,446816.5251
p001711.jpg,85180.54495,446817.2418
p001712.jpg,85179.63388,446818.0256
p001713.jpg,85178.61479,446818.8361
p001714.jpg,85177.69606,446819.5928
p001715.jpg,85176.78731,446820.4069
p001716.jpg,85175.87653,446821.1859
p001717.jpg,85174.93164,446821.9598
p001718.jpg,85174.08034,446822.688
p001719.jpg,85173.3689,446823.4156
p001720.jpg,85173.4361,446824.3344
p001721.jpg,85173.9761,446825.2008
p001722.jpg,85174.58527,446826.215
p001723.jpg,85175.29419,446827.2571
p001724.jpg,85176.1391,446828.194
p001725.jpg,85177.05382,446829.1351
p001726.jpg,85177.89807,446830.1335
p001727.jpg,85178.74844,446831.1387
p001728.jpg,85179.56296,446831.9955
p001729.jpg,85180.32071,446832.8539
p001730.jpg,85181.12544,446833.7846
p001731.jpg,85181.87944,446834.676
p001732.jpg,85182.60115,446835.5425
p001733.jpg,85183.43497,446836.4868
p001734.jpg,85184.19005,446837.4128
p001735.jpg,85184.94949,446838.3698
p001736.jpg,85185.75372,446839.2899
p001737.jpg,85186.48338,446840.2127
p001738.jpg,85187.22871,446841.1395
p001739.jpg,85187.99075,446842.1104
p001740.jpg,85188.72467,446843.0185
p001741.jpg,85189.49385,446843.9488
p001742.jpg,85190.24951,446844.944
p001743.jpg,85190.97026,446845.8452
p001744.jpg,85191.65154,446846.7606
p001745.jpg,85192.3683,446847.7076
p001746.jpg,85193.06631,446848.5746
p001747.jpg,85193.79701,446849.3613
p001748.jpg,85194.56996,446850.1315
p001749.jpg,85195.03703,446850.7747
p001750.jpg,85194.8027,446850.7874
p001751.jpg,85194.48875,446850.7312
p001752.jpg,85194.20685,446850.8785
p001753.jpg,85194.46994,446851.0843
p001754.jpg,85195.45105,446851.4794
p001755.jpg,85196.36732,446852.0522
p001756.jpg,85197.19833,446852.773
p001757.jpg,85197.73808,446853.6995
p001758.jpg,85197.9315,446854.7515
p001759.jpg,85197.70659,446855.9297
p001760.jpg,85197.23767,446857.0949
p001761.jpg,85196.54823,446858.2089
p001762.jpg,85195.86008,446859.1251
p001763.jpg,85195.1691,446860.0087
p001764.jpg,85194.41809,446860.6759
p001765.jpg,85193.48727,446861.0588
p001766.jpg,85192.70169,446860.881
p001767.jpg,85191.95311,446860.2318
p001768.jpg,85191.33124,446859.6935
p001769.jpg,85191.16351,446860.0361
p001770.jpg,85191.62471,446860.8173
p001771.jpg,85192.09622,446861.7024
p001772.jpg,85192.79482,446862.4841
p001773.jpg,85193.45062,446863.0814
p001774.jpg,85193.51115,446862.9411
p001775.jpg,85193.05205,446862.3505
p001776.jpg,85193.31854,446861.4348
p001777.jpg,85194.0045,446860.808
p001778.jpg,85194.8654,446860.2198
p001779.jpg,85195.71851,446859.4579
p001780.jpg,85196.52992,446858.5297
p001781.jpg,85197.16031,446857.6279
p001782.jpg,85197.79646,446856.65
p001783.jpg,85198.02586,446855.5533
p001784.jpg,85197.78638,446854.5204
p001785.jpg,85197.24947,446853.4859
p001786.jpg,85196.511,446852.4697
p001787.jpg,85195.7153,446851.558
p001788.jpg,85194.90732,446850.6486
p001789.jpg,85194.15596,446849.757
p001790.jpg,85193.3279,446848.7882
p001791.jpg,85192.5321,446847.8154
p001792.jpg,85191.76083,446846.8157
p001793.jpg,85190.92325,446845.8239
p001794.jpg,85190.14659,446844.8765
p001795.jpg,85189.34985,446843.8787
p001796.jpg,85188.61444,446842.9141
p001797.jpg,85187.85599,446842.0265
p001798.jpg,85187.07036,446841.0932
p001799.jpg,85186.27943,446840.1802
p001800.jpg,85185.48402,446839.2267
p001801.jpg,85184.68008,446838.3221
p001802.jpg,85183.82204,446837.3542
p001803.jpg,85183.07451,446836.41
p001804.jpg,85182.30635,446835.376
p001805.jpg,85181.52876,446834.454
p001806.jpg,85180.72879,446833.5417
p001807.jpg,85179.9559,446832.6118
p001808.jpg,85179.06285,446831.6457
p001809.jpg,85178.20485,446830.7065
p001810.jpg,85177.37238,446829.7147
p001811.jpg,85176.58142,446828.6647
p001812.jpg,85175.79533,446827.6375
p001813.jpg,85175.01982,446826.6373
p001814.jpg,85174.21135,446825.5963
p001815.jpg,85173.34103,446824.5135
p001816.jpg,85172.61703,446823.5051
p001817.jpg,85171.82562,446822.5539
p001818.jpg,85171.00389,446821.5654
p001819.jpg,85170.25832,446820.6772
p001820.jpg,85169.40318,446819.8602
p001821.jpg,85168.6255,446818.966
p001822.jpg,85167.92334,446818.0695
p001823.jpg,85167.26225,446817.1456
p001824.jpg,85167.26674,446816.2929
p001825.jpg,85167.80496,446815.9066
p001826.jpg,85168.5863,446815.5435
p001827.jpg,85169.39258,446814.8281
p001828.jpg,85170.26521,446813.9791
p001829.jpg,85171.1739,446813.1598
p001830.jpg,85172.1124,446812.3284
p001831.jpg,85172.99667,446811.5525
p001832.jpg,85173.87286,446810.8038
p001833.jpg,85174.81847,446810.1796
