Image,X,Y
p000025.jpg,85260.659,446975.228
p000026.jpg,85260.218,446974.654
p000027.jpg,85259.787,446974.139
p000028.jpg,85260.024,446973.557
p000029.jpg,85260.764,446973.149
p000030.jpg,85261.553,446972.566
p000031.jpg,85261.752,446972.075
p000032.jpg,85261.325,446972.788
p000033.jpg,85260.619,446973.413
p000034.jpg,85259.776,446973.650
p000035.jpg,85258.948,446973.294
p000036.jpg,85258.274,446972.726
p000037.jpg,85257.724,446971.977
p000038.jpg,85257.452,446971.122
p000039.jpg,85257.516,446970.191
p000040.jpg,85257.689,446969.210
p000041.jpg,85257.209,446968.311
p000042.jpg,85256.348,446967.778
p000043.jpg,85255.381,446967.724
p000044.jpg,85254.661,446968.114
p000045.jpg,85253.936,446968.721
p000046.jpg,85253.297,446969.447
p000047.jpg,85252.725,446970.108
p000048.jpg,85252.059,446970.838
p000049.jpg,85251.410,446971.464
p000050.jpg,85251.619,446971.665
p000051.jpg,85252.071,446970.881
p000052.jpg,85252.528,446970.077
p000053.jpg,85253.143,446969.277
p000054.jpg,85253.882,446968.593
p000055.jpg,85254.755,446968.034
p000056.jpg,85255.622,446967.636
p000057.jpg,85256.578,446967.665
p000058.jpg,85256.972,446967.177
p000059.jpg,85256.615,446966.518
p000060.jpg,85255.935,446965.913
p000061.jpg,85254.954,446965.436
p000062.jpg,85254.039,446964.926
p000063.jpg,85253.194,446964.344
p000064.jpg,85252.440,446963.709
p000065.jpg,85251.648,446963.014
p000066.jpg,85250.846,446962.286
p000067.jpg,85250.190,446961.467
p000068.jpg,85249.488,446960.618
p000069.jpg,85248.827,446959.687
p000070.jpg,85248.165,446958.834
p000071.jpg,85247.490,446958.031
p000072.jpg,85246.694,446957.327
p000073.jpg,85245.965,446956.688
p000074.jpg,85245.308,446956.807
p000075.jpg,85244.825,446955.938
p000076.jpg,85244.413,446954.987
p000077.jpg,85243.888,446953.949
p000078.jpg,85243.182,446953.062
p000079.jpg,85242.367,446952.235
p000080.jpg,85241.518,446951.660
p000081.jpg,85240.545,446951.721
p000082.jpg,85239.708,446952.054
p000083.jpg,85238.965,446952.627
p000084.jpg,85238.763,446953.349
p000085.jpg,85239.275,446954.049
p000086.jpg,85239.911,446954.816
p000087.jpg,85240.678,446955.701
p000088.jpg,85241.465,446956.629
p000089.jpg,85242.185,446957.500
p000090.jpg,85243.004,446958.356
p000091.jpg,85243.754,446959.207
p000092.jpg,85244.461,446960.057
p000093.jpg,85245.151,446960.885
p000094.jpg,85245.855,446961.796
p000095.jpg,85246.543,446962.636
p000096.jpg,85247.227,446963.446
p000097.jpg,85248.057,446963.755
p000098.jpg,85248.711,446963.247
p000099.jpg,85249.372,446962.584
p000100.jpg,85249.935,446961.878
p000101.jpg,85249.701,446961.020
p000102.jpg,85249.150,446960.210
p000103.jpg,85248.440,446959.344
p000104.jpg,85247.771,446958.506
p000105.jpg,85246.977,446957.634
p000106.jpg,85246.258,446956.774
p000107.jpg,85245.502,446955.886
p000108.jpg,85244.732,446955.077
p000109.jpg,85244.074,446954.209
p000110.jpg,85243.351,446953.299
p000111.jpg,85242.622,446952.443
p000112.jpg,85241.939,446951.598
p000113.jpg,85241.253,446950.705
p000114.jpg,85240.525,446949.777
p000115.jpg,85239.762,446948.904
p000116.jpg,85238.888,446947.989
p000117.jpg,85238.130,446947.027
p000118.jpg,85237.339,446946.042
p000119.jpg,85236.632,446945.006
p000120.jpg,85235.782,446943.956
p000121.jpg,85234.873,446942.922
p000122.jpg,85234.077,446941.925
p000123.jpg,85233.162,446940.913
p000124.jpg,85232.307,446939.952
p000125.jpg,85231.464,446938.907
p000126.jpg,85230.577,446937.835
p000127.jpg,85229.730,446936.848
p000128.jpg,85228.838,446935.841
p000129.jpg,85228.026,446934.757
p000130.jpg,85227.213,446933.791
p000131.jpg,85226.229,446933.200
p000132.jpg,85225.293,446933.382
p000133.jpg,85224.840,446933.805
p000134.jpg,85224.479,446934.029
p000135.jpg,85224.087,446934.432
p000136.jpg,85223.864,446934.821
p000137.jpg,85223.664,446934.717
p000138.jpg,85223.371,446934.554
p000139.jpg,85222.779,446934.918
p000140.jpg,85222.283,446935.563
p000141.jpg,85222.214,446936.341
p000142.jpg,85222.590,446937.075
p000143.jpg,85223.289,446937.887
p000144.jpg,85224.037,446938.720
p000145.jpg,85224.786,446939.588
p000146.jpg,85225.506,446940.472
p000147.jpg,85226.187,446941.329
p000148.jpg,85226.815,446942.170
p000149.jpg,85227.427,446942.425
p000150.jpg,85227.038,446942.266
p000151.jpg,85226.571,446941.731
p000152.jpg,85225.890,446940.932
p000153.jpg,85225.071,446940.110
p000154.jpg,85224.344,446939.292
p000155.jpg,85223.585,446938.476
p000156.jpg,85222.798,446937.587
p000157.jpg,85222.261,446936.693
p000158.jpg,85222.333,446935.769
p000159.jpg,85222.992,446935.076
p000160.jpg,85223.756,446934.477
p000161.jpg,85224.135,446934.243
p000162.jpg,85223.890,446934.542
p000163.jpg,85224.357,446934.082
p000164.jpg,85225.005,446933.384
p000165.jpg,85225.391,446932.706
p000166.jpg,85224.979,446932.070
p000167.jpg,85224.295,446931.283
p000168.jpg,85223.709,446930.522
p000169.jpg,85223.038,446929.655
p000170.jpg,85222.247,446928.748
p000171.jpg,85221.533,446927.874
p000172.jpg,85220.835,446927.007
p000173.jpg,85220.077,446926.088
p000174.jpg,85219.327,446925.276
p000175.jpg,85218.619,446924.527
p000176.jpg,85218.018,446923.838
p000177.jpg,85217.439,446923.815
p000178.jpg,85216.953,446924.333
p000179.jpg,85216.531,446924.931
p000180.jpg,85216.258,446925.488
p000181.jpg,85215.991,446926.002
p000182.jpg,85215.889,446926.681
p000183.jpg,85215.554,446927.450
p000184.jpg,85214.842,446928.088
p000185.jpg,85214.107,446928.681
p000186.jpg,85213.861,446929.316
p000187.jpg,85214.069,446929.741
p000188.jpg,85214.509,446930.277
p000189.jpg,85215.015,446930.921
p000190.jpg,85215.428,446931.367
p000191.jpg,85215.895,446931.886
p000192.jpg,85216.484,446932.504
p000193.jpg,85217.149,446932.847
p000194.jpg,85217.545,446932.531
p000195.jpg,85218.164,446932.037
p000196.jpg,85218.872,446931.464
p000197.jpg,85219.281,446930.858
p000198.jpg,85218.950,446930.530
p000199.jpg,85218.464,446929.943
p000200.jpg,85217.770,446929.229
p000201.jpg,85217.170,446928.518
p000202.jpg,85216.568,446927.729
p000203.jpg,85216.076,446926.867
p000204.jpg,85216.017,446925.958
p000205.jpg,85216.329,446925.074
p000206.jpg,85216.930,446924.303
p000207.jpg,85217.502,446923.645
p000208.jpg,85217.431,446923.013
p000209.jpg,85217.026,446922.461
p000210.jpg,85216.474,446921.705
p000211.jpg,85215.892,446921.155
p000212.jpg,85215.375,446921.017
p000213.jpg,85214.958,446920.667
p000214.jpg,85214.360,446919.857
p000215.jpg,85213.653,446918.920
p000216.jpg,85212.930,446918.032
p000217.jpg,85212.256,446917.102
p000218.jpg,85211.563,446916.226
p000219.jpg,85210.869,446915.434
p000220.jpg,85210.180,446914.655
p000221.jpg,85209.510,446913.857
p000222.jpg,85208.828,446912.988
p000223.jpg,85208.100,446912.171
p000224.jpg,85207.338,446911.342
p000225.jpg,85206.620,446910.437
p000226.jpg,85205.867,446909.548
p000227.jpg,85205.136,446908.676
p000228.jpg,85204.418,446907.830
p000229.jpg,85203.806,446906.924
p000230.jpg,85203.167,446905.992
p000231.jpg,85202.565,446905.225
p000232.jpg,85201.750,446904.658
p000233.jpg,85200.853,446904.678
p000234.jpg,85200.355,446904.957
p000235.jpg,85199.982,446905.154
p000236.jpg,85199.627,446905.291
p000237.jpg,85198.998,446905.132
p000238.jpg,85198.907,446904.915
p000239.jpg,85198.718,446904.163
p000240.jpg,85198.220,446903.531
p000241.jpg,85197.680,446902.829
p000242.jpg,85197.213,446902.349
p000243.jpg,85196.662,446901.710
p000244.jpg,85196.222,446901.143
p000245.jpg,85195.683,446900.651
p000246.jpg,85195.350,446900.385
p000247.jpg,85195.009,446900.516
p000248.jpg,85194.592,446900.886
p000249.jpg,85194.111,446901.310
p000250.jpg,85193.579,446901.771
p000251.jpg,85193.044,446902.236
p000252.jpg,85192.451,446902.756
p000253.jpg,85191.853,446903.252
p000254.jpg,85191.191,446903.768
p000255.jpg,85190.580,446904.309
p000256.jpg,85189.949,446904.835
p000257.jpg,85189.259,446905.435
p000258.jpg,85188.618,446905.995
p000259.jpg,85187.961,446906.510
p000260.jpg,85187.409,446907.047
p000261.jpg,85187.502,446907.508
p000262.jpg,85187.888,446907.957
p000263.jpg,85188.572,446908.608
p000264.jpg,85189.054,446909.184
p000265.jpg,85189.553,446909.770
p000266.jpg,85190.053,446910.368
p000267.jpg,85190.551,446910.978
p000268.jpg,85190.953,446911.351
p000269.jpg,85191.360,446911.572
p000270.jpg,85191.727,446911.147
p000271.jpg,85192.223,446910.557
p000272.jpg,85192.972,446909.799
p000273.jpg,85193.871,446909.115
p000274.jpg,85194.622,446908.441
p000275.jpg,85195.349,446907.769
p000276.jpg,85196.234,446907.108
p000277.jpg,85197.131,446906.502
p000278.jpg,85198.039,446906.067
p000279.jpg,85198.869,446905.453
p000280.jpg,85199.310,446904.940
p000281.jpg,85199.568,446905.002
p000282.jpg,85200.270,446904.839
p000283.jpg,85200.950,446904.359
p000284.jpg,85201.600,446903.607
p000285.jpg,85202.341,446902.838
p000286.jpg,85203.108,446902.129
p000287.jpg,85203.919,446901.426
p000288.jpg,85204.708,446900.811
p000289.jpg,85205.356,446900.212
p000290.jpg,85205.559,446899.551
p000291.jpg,85205.225,446898.946
p000292.jpg,85204.700,446898.363
p000293.jpg,85204.251,446897.763
p000294.jpg,85203.819,446897.136
p000295.jpg,85203.371,446896.630
p000296.jpg,85202.889,446896.690
p000297.jpg,85202.313,446897.183
p000298.jpg,85201.613,446897.910
p000299.jpg,85200.908,446898.731
p000300.jpg,85200.153,446899.523
p000301.jpg,85199.425,446900.148
p000302.jpg,85198.639,446900.426
p000303.jpg,85197.841,446900.047
p000304.jpg,85197.091,446899.418
p000305.jpg,85196.326,446898.711
p000306.jpg,85195.850,446898.055
p000307.jpg,85196.123,446898.134
p000308.jpg,85196.519,446898.910
p000309.jpg,85197.202,446899.661
p000310.jpg,85197.937,446900.354
p000311.jpg,85198.781,446900.525
p000312.jpg,85199.494,446899.961
p000313.jpg,85200.218,446899.255
p000314.jpg,85201.034,446898.519
p000315.jpg,85201.943,446897.839
p000316.jpg,85202.865,446897.468
p000317.jpg,85203.777,446897.613
p000318.jpg,85204.548,446898.163
p000319.jpg,85205.330,446898.811
p000320.jpg,85206.241,446899.055
p000321.jpg,85207.131,446898.722
p000322.jpg,85207.949,446898.230
p000323.jpg,85208.692,446897.634
p000324.jpg,85209.402,446896.988
p000325.jpg,85210.113,446896.330
p000326.jpg,85210.846,446895.596
p000327.jpg,85211.586,446894.884
p000328.jpg,85212.408,446894.218
p000329.jpg,85213.264,446893.522
p000330.jpg,85214.099,446892.796
p000331.jpg,85214.929,446892.059
p000332.jpg,85215.793,446891.327
p000333.jpg,85216.624,446890.705
p000334.jpg,85217.308,446890.091
p000335.jpg,85217.557,446889.419
p000336.jpg,85217.176,446888.787
p000337.jpg,85216.478,446888.009
p000338.jpg,85215.759,446887.156
p000339.jpg,85215.049,446886.273
p000340.jpg,85214.408,446885.431
p000341.jpg,85213.789,446884.624
p000342.jpg,85213.180,446883.936
p000343.jpg,85212.744,446883.863
p000344.jpg,85213.103,446884.249
p000345.jpg,85213.702,446884.812
p000346.jpg,85214.453,446885.611
p000347.jpg,85215.101,446886.388
p000348.jpg,85215.768,446887.149
p000349.jpg,85216.466,446887.860
p000350.jpg,85217.190,446888.614
p000351.jpg,85217.878,446889.055
p000352.jpg,85218.593,446888.778
p000353.jpg,85219.362,446888.301
p000354.jpg,85220.148,446887.601
p000355.jpg,85220.926,446887.009
p000356.jpg,85221.657,446886.537
p000357.jpg,85222.348,446886.133
p000358.jpg,85223.162,446885.715
p000359.jpg,85223.983,446885.161
p000360.jpg,85224.809,446884.528
p000361.jpg,85225.751,446883.901
p000362.jpg,85226.636,446883.293
p000363.jpg,85227.374,446882.629
p000364.jpg,85227.666,446881.786
p000365.jpg,85227.364,446881.056
p000366.jpg,85226.572,446880.738
p000367.jpg,85225.625,446880.956
p000368.jpg,85224.769,446881.319
p000369.jpg,85223.939,446881.685
p000370.jpg,85223.048,446881.989
p000371.jpg,85222.098,446881.950
p000372.jpg,85221.224,446881.461
p000373.jpg,85220.395,446880.751
p000374.jpg,85219.614,446879.901
p000375.jpg,85218.874,446879.025
p000376.jpg,85218.173,446878.137
p000377.jpg,85217.469,446877.186
p000378.jpg,85216.788,446876.265
p000379.jpg,85216.042,446875.360
p000380.jpg,85215.362,446874.488
p000381.jpg,85214.598,446873.584
p000382.jpg,85213.882,446872.682
p000383.jpg,85213.185,446871.815
p000384.jpg,85212.397,446870.902
p000385.jpg,85211.600,446870.033
p000386.jpg,85210.720,446869.079
p000387.jpg,85209.907,446868.182
p000388.jpg,85209.188,446867.274
p000389.jpg,85208.415,446866.400
p000390.jpg,85207.666,446865.526
p000391.jpg,85206.960,446864.639
p000392.jpg,85206.233,446863.716
p000393.jpg,85205.482,446862.799
p000394.jpg,85204.675,446861.892
p000395.jpg,85203.888,446861.066
p000396.jpg,85203.128,446860.203
p000397.jpg,85202.445,446859.371
p000398.jpg,85201.786,446858.512
p000399.jpg,85201.038,446857.579
p000400.jpg,85200.315,446856.723
p000401.jpg,85199.620,446855.834
p000402.jpg,85198.885,446855.016
p000403.jpg,85198.003,446854.285
p000404.jpg,85196.968,446853.872
p000405.jpg,85195.940,446854.033
p000406.jpg,85195.149,446854.655
p000407.jpg,85194.456,446855.355
p000408.jpg,85193.863,446856.092
p000409.jpg,85193.203,446856.831
p000410.jpg,85192.475,446857.532
p000411.jpg,85191.575,446858.122
p000412.jpg,85190.625,446858.709
p000413.jpg,85189.875,446858.627
p000414.jpg,85189.354,446857.886
p000415.jpg,85189.259,446858.138
p000416.jpg,85189.740,446858.818
p000513.jpg,85189.915,446859.264
p000514.jpg,85190.530,446859.537
p000515.jpg,85191.071,446858.912
p000516.jpg,85191.519,446858.175
p000517.jpg,85192.273,446857.694
p000518.jpg,85193.157,446857.486
p000519.jpg,85194.177,446857.718
p000520.jpg,85195.018,446858.300
p000521.jpg,85195.681,446859.099
p000522.jpg,85195.829,446859.947
p000523.jpg,85195.215,446860.830
p000524.jpg,85194.346,446861.403
p000525.jpg,85193.530,446861.840
p000526.jpg,85192.982,446862.272
p000527.jpg,85193.156,446862.589
p000528.jpg,85193.563,446862.045
p000529.jpg,85194.390,446861.466
p000530.jpg,85195.428,446861.149
p000531.jpg,85196.573,446860.829
p000532.jpg,85197.708,446860.409
p000533.jpg,85198.706,446859.865
p000534.jpg,85199.618,446859.229
p000535.jpg,85200.571,446858.798
p000536.jpg,85201.599,446858.890
p000537.jpg,85202.510,446859.483
p000538.jpg,85203.290,446860.339
p000539.jpg,85204.032,446861.180
p000540.jpg,85204.734,446862.092
p000541.jpg,85205.539,446862.991
p000542.jpg,85206.319,446863.860
p000543.jpg,85207.084,446864.829
p000544.jpg,85207.877,446865.782
p000545.jpg,85208.602,446866.683
p000546.jpg,85209.531,446867.639
p000547.jpg,85210.315,446868.566
p000548.jpg,85211.107,446869.518
p000549.jpg,85211.949,446870.549
p000550.jpg,85212.732,446871.534
p000551.jpg,85213.597,446872.500
p000552.jpg,85214.373,446873.443
p000553.jpg,85215.158,446874.358
p000554.jpg,85215.961,446875.271
p000555.jpg,85216.759,446876.258
p000556.jpg,85217.545,446877.166
p000557.jpg,85218.361,446878.116
p000558.jpg,85219.153,446878.988
p000559.jpg,85219.923,446879.885
p000560.jpg,85220.651,446880.801
p000561.jpg,85221.518,446881.739
p000562.jpg,85222.319,446882.614
p000563.jpg,85223.105,446883.497
p000564.jpg,85223.558,446884.424
p000565.jpg,85223.423,446885.396
p000566.jpg,85222.675,446886.149
p000567.jpg,85221.756,446886.817
p000568.jpg,85220.725,446887.584
p000569.jpg,85219.743,446888.359
p000570.jpg,85218.805,446889.060
p000571.jpg,85217.854,446889.813
p000572.jpg,85216.884,446890.652
p000573.jpg,85215.905,446891.635
p000574.jpg,85214.877,446892.441
p000575.jpg,85213.769,446893.084
p000576.jpg,85212.620,446893.550
p000577.jpg,85211.747,446893.522
p000578.jpg,85211.454,446893.392
p000579.jpg,85211.154,446893.106
p000580.jpg,85210.845,446892.634
p000581.jpg,85210.473,446892.298
p000582.jpg,85210.463,446891.915
p000583.jpg,85210.842,446891.804
p000584.jpg,85210.933,446892.130
p000585.jpg,85210.952,446892.253
p000586.jpg,85210.928,446892.264
p000587.jpg,85210.928,446892.235
p000588.jpg,85210.906,446892.235
p000589.jpg,85210.878,446892.157
p000590.jpg,85211.040,446892.231
p000591.jpg,85210.843,446892.095
p000592.jpg,85210.443,446891.533
p000593.jpg,85209.832,446890.922
p000594.jpg,85209.590,446890.146
p000595.jpg,85210.001,446889.501
p000596.jpg,85210.627,446888.939
p000597.jpg,85211.099,446888.400
p000598.jpg,85210.910,446887.997
p000599.jpg,85210.834,446888.388
p000600.jpg,85210.523,446888.691
p000601.jpg,85209.903,446889.194
p000602.jpg,85209.085,446889.765
p000603.jpg,85208.293,446890.365
p000604.jpg,85207.636,446891.041
p000605.jpg,85206.812,446891.704
p000606.jpg,85206.152,446892.224
p000607.jpg,85206.114,446892.736
p000608.jpg,85206.644,446893.130
p000609.jpg,85207.125,446893.707
p000610.jpg,85207.299,446893.455
p000611.jpg,85206.692,446893.360
p000612.jpg,85206.537,446892.475
p000613.jpg,85207.073,446891.650
p000614.jpg,85207.975,446890.926
p000615.jpg,85208.911,446890.545
p000616.jpg,85209.897,446890.933
p000617.jpg,85210.602,446891.709
p000618.jpg,85211.002,446892.539
p000619.jpg,85211.114,446892.797
p000620.jpg,85211.079,446892.726
p000621.jpg,85210.797,446892.458
p000622.jpg,85210.933,446892.478
p000623.jpg,85211.495,446892.990
p000624.jpg,85212.174,446893.532
p000625.jpg,85212.254,446894.127
p000626.jpg,85211.680,446894.718
p000627.jpg,85210.858,446895.490
p000628.jpg,85209.908,446896.291
p000629.jpg,85208.923,446897.140
p000630.jpg,85207.978,446897.911
p000631.jpg,85207.055,446898.694
p000632.jpg,85206.124,446899.450
p000633.jpg,85205.140,446900.294
p000634.jpg,85204.211,446901.141
p000635.jpg,85203.314,446901.924
p000636.jpg,85202.588,446902.770
p000637.jpg,85202.297,446903.727
p000638.jpg,85202.569,446904.603
p000639.jpg,85203.106,446905.573
p000640.jpg,85203.684,446906.527
p000641.jpg,85204.039,446907.255
p000642.jpg,85203.341,446907.213
p000643.jpg,85202.697,446907.600
p000644.jpg,85202.368,446907.897
p000645.jpg,85202.358,446908.442
p000646.jpg,85202.328,446909.048
p000647.jpg,85202.824,446909.779
p000648.jpg,85203.391,446910.458
p000649.jpg,85203.847,446911.205
p000650.jpg,85203.718,446912.046
p000651.jpg,85203.019,446912.752
p000652.jpg,85202.222,446913.124
p000653.jpg,85202.058,446913.542
p000654.jpg,85202.458,446913.521
p000655.jpg,85202.685,446912.981
p000656.jpg,85203.369,446912.460
p000657.jpg,85204.332,446912.381
p000658.jpg,85205.263,446912.835
p000659.jpg,85206.085,446913.626
p000660.jpg,85206.706,446914.421
p000661.jpg,85207.273,446915.163
p000662.jpg,85207.737,446916.014
p000663.jpg,85208.240,446917.031
p000664.jpg,85208.863,446917.928
p000665.jpg,85209.628,446918.814
p000666.jpg,85210.353,446919.599
p000667.jpg,85211.153,446920.441
p000668.jpg,85211.948,446921.249
p000669.jpg,85212.897,446921.936
p000670.jpg,85213.815,446922.115
p000671.jpg,85214.619,446921.781
p000672.jpg,85215.523,446921.443
p000673.jpg,85216.439,446921.731
p000674.jpg,85217.191,446922.457
p000675.jpg,85217.836,446923.360
p000676.jpg,85218.415,446924.216
p000677.jpg,85219.105,446925.124
p000678.jpg,85219.814,446926.050
p000679.jpg,85220.560,446926.989
p000680.jpg,85221.277,446927.856
p000681.jpg,85222.074,446928.754
p000682.jpg,85222.804,446929.630
p000683.jpg,85223.596,446930.467
p000684.jpg,85224.465,446931.399
p000685.jpg,85225.213,446932.199
p000686.jpg,85226.051,446932.851
p000687.jpg,85227.001,446932.813
p000964.jpg,85227.560,446933.774
p000965.jpg,85228.031,446934.598
p000966.jpg,85228.729,446935.543
p000967.jpg,85229.482,446936.426
p000968.jpg,85230.175,446937.324
p000969.jpg,85230.860,446938.211
p000970.jpg,85231.588,446939.059
p000971.jpg,85232.357,446939.919
p000972.jpg,85233.093,446940.772
p000973.jpg,85233.719,446941.608
p000974.jpg,85234.416,446942.455
p000975.jpg,85235.105,446943.265
p000976.jpg,85235.800,446944.120
p000977.jpg,85236.471,446944.940
p000978.jpg,85237.078,446945.634
p000979.jpg,85237.716,446946.458
p000980.jpg,85238.306,446947.257
p000981.jpg,85238.982,446948.053
p000982.jpg,85239.710,446948.863
p000983.jpg,85240.379,446949.653
p000984.jpg,85241.051,446950.504
p000985.jpg,85241.709,446951.365
p000986.jpg,85242.444,446952.162
p000987.jpg,85243.188,446953.041
p000988.jpg,85243.791,446953.918
p000989.jpg,85244.411,446954.729
p000990.jpg,85245.033,446955.468
p000991.jpg,85245.744,446956.294
p000992.jpg,85246.427,446957.047
p000993.jpg,85247.192,446957.843
p000994.jpg,85247.924,446958.716
p000995.jpg,85248.476,446959.612
p000996.jpg,85249.116,446960.457
p000997.jpg,85249.923,446961.291
p000998.jpg,85250.637,446962.090
p000999.jpg,85251.426,446962.903
p001000.jpg,85252.192,446963.624
p001001.jpg,85253.019,446964.226
p001002.jpg,85253.972,446964.646
p001003.jpg,85254.865,446965.007
p001004.jpg,85255.698,446965.474
p001005.jpg,85256.410,446966.141
p001006.jpg,85256.901,446966.817
p001007.jpg,85257.446,446967.448
p001008.jpg,85257.938,446968.266
p001009.jpg,85258.035,446969.149
p001010.jpg,85257.839,446970.098
p001011.jpg,85257.766,446971.096
p001012.jpg,85258.110,446971.965
p001013.jpg,85258.691,446972.734
p001014.jpg,85259.426,446973.507
p001015.jpg,85260.037,446974.287
p001016.jpg,85260.644,446975.053
p001018.jpg,85261.466,446976.104
p001019.jpg,85260.801,446975.499
p001020.jpg,85260.292,446974.754
p001021.jpg,85259.678,446974.227
p001022.jpg,85258.969,446973.658
p001023.jpg,85258.337,446973.021
p001024.jpg,85257.791,446972.349
p001025.jpg,85257.564,446971.585
p001026.jpg,85257.663,446970.652
p001027.jpg,85257.672,446969.590
p001028.jpg,85257.420,446968.701
p001029.jpg,85256.793,446967.984
p001030.jpg,85255.913,446967.710
p001031.jpg,85255.076,446967.954
p001032.jpg,85254.279,446968.561
p001033.jpg,85253.431,446969.237
p001034.jpg,85252.623,446969.863
p001035.jpg,85251.973,446970.475
p001036.jpg,85252.092,446970.790
p001037.jpg,85252.334,446970.090
p001038.jpg,85253.084,446969.385
p001039.jpg,85253.866,446968.682
p001040.jpg,85254.725,446968.037
p001041.jpg,85255.546,446967.455
p001042.jpg,85256.008,446966.778
p001043.jpg,85256.008,446966.162
p001044.jpg,85255.429,446965.714
p001045.jpg,85254.498,446965.314
p001046.jpg,85253.571,446964.771
p001047.jpg,85252.754,446964.103
p001048.jpg,85251.889,446963.366
p001049.jpg,85251.138,446962.529
p001050.jpg,85250.368,446961.583
p001051.jpg,85249.612,446960.671
p001052.jpg,85248.909,446959.816
p001053.jpg,85248.134,446958.857
p001054.jpg,85247.333,446958.018
p001055.jpg,85246.555,446957.154
p001056.jpg,85245.704,446956.316
p001057.jpg,85244.906,446955.398
p001058.jpg,85244.158,446954.475
p001059.jpg,85243.311,446953.539
p001060.jpg,85242.538,446952.553
p001061.jpg,85241.827,446951.605
p001062.jpg,85240.963,446950.569
p001063.jpg,85240.150,446949.610
p001064.jpg,85239.317,446948.605
p001065.jpg,85238.503,446947.624
p001066.jpg,85237.709,446946.686
p001067.jpg,85236.912,446945.754
p001068.jpg,85236.109,446944.848
p001069.jpg,85235.247,446943.865
p001070.jpg,85234.520,446942.891
p001071.jpg,85233.839,446941.936
p001072.jpg,85233.029,446941.036
p001073.jpg,85232.259,446940.170
p001074.jpg,85231.473,446939.290
p001075.jpg,85230.951,446938.315
p001076.jpg,85230.911,446937.466
p001077.jpg,85231.536,446936.873
p001078.jpg,85232.332,446935.992
p001079.jpg,85233.128,446935.122
p001080.jpg,85234.064,446934.427
p001081.jpg,85234.980,446933.643
p001082.jpg,85235.989,446932.989
p001083.jpg,85236.824,446932.273
p001084.jpg,85237.571,446931.407
p001085.jpg,85238.480,446930.689
p001086.jpg,85239.397,446930.114
p001087.jpg,85240.297,446929.456
p001088.jpg,85241.143,446928.779
p001089.jpg,85241.652,446928.019
p001090.jpg,85241.465,446928.242
p001091.jpg,85240.924,446928.980
p001092.jpg,85240.062,446929.745
p001093.jpg,85239.068,446930.525
p001094.jpg,85238.097,446931.147
p001095.jpg,85237.209,446931.923
p001096.jpg,85236.281,446932.711
p001097.jpg,85235.307,446933.561
p001098.jpg,85234.335,446934.437
p001099.jpg,85233.292,446935.170
p001100.jpg,85232.423,446936.050
p001101.jpg,85231.579,446936.921
p001102.jpg,85230.453,446936.910
p001103.jpg,85229.516,446936.200
p001104.jpg,85228.668,446935.216
p001105.jpg,85228.096,446934.215
p001106.jpg,85228.031,446933.072
p001107.jpg,85228.516,446931.934
p001108.jpg,85229.315,446930.938
p001109.jpg,85230.118,446929.985
p001110.jpg,85231.019,446929.099
p001111.jpg,85231.988,446928.191
p001112.jpg,85232.933,446927.353
p001113.jpg,85233.845,446926.465
p001114.jpg,85234.735,446925.419
p001115.jpg,85235.608,446924.490
p001116.jpg,85236.528,446923.525
p001117.jpg,85237.455,446922.637
p001118.jpg,85238.378,446921.722
p001119.jpg,85239.255,446920.848
p001120.jpg,85240.080,446919.986
p001121.jpg,85240.921,446919.112
p001122.jpg,85241.808,446918.225
p001123.jpg,85242.717,446917.444
p001124.jpg,85243.567,446916.728
p001125.jpg,85244.549,446916.235
p001126.jpg,85245.525,446916.178
p001127.jpg,85246.425,446916.558
p001128.jpg,85247.320,446917.175
p001129.jpg,85248.201,446917.876
p001130.jpg,85248.906,446918.725
p001131.jpg,85249.525,446919.735
p001132.jpg,85249.993,446920.875
p001133.jpg,85250.343,446921.933
p001134.jpg,85250.010,446921.702
p001135.jpg,85249.669,446920.587
p001136.jpg,85249.168,446919.445
p001137.jpg,85248.568,446918.240
p001138.jpg,85247.980,446917.023
p001139.jpg,85247.664,446915.719
p001140.jpg,85247.364,446914.381
p001141.jpg,85246.841,446913.368
p001142.jpg,85246.070,446912.775
p001143.jpg,85245.122,446911.954
p001144.jpg,85243.936,446910.766
p001145.jpg,85242.817,446909.363
p001146.jpg,85241.801,446907.953
p001147.jpg,85240.889,446906.595
p001148.jpg,85239.973,446905.247
p001149.jpg,85239.071,446903.804
p001150.jpg,85238.200,446902.462
p001151.jpg,85237.179,446901.069
p001152.jpg,85236.270,446899.830
p001153.jpg,85235.308,446898.504
p001154.jpg,85234.356,446897.334
p001155.jpg,85233.314,446896.224
p001156.jpg,85232.304,446895.189
p001157.jpg,85231.291,446894.211
p001158.jpg,85230.457,446893.430
p001159.jpg,85229.766,446892.821
p001160.jpg,85229.265,446892.195
p001161.jpg,85228.801,446891.667
p001162.jpg,85228.278,446891.004
p001163.jpg,85227.514,446890.121
p001164.jpg,85226.708,446889.088
p001165.jpg,85225.956,446887.895
p001166.jpg,85225.267,446886.768
p001167.jpg,85224.596,446885.971
p001168.jpg,85224.271,446885.031
p001169.jpg,85224.830,446883.900
p001170.jpg,85225.772,446883.157
p001171.jpg,85226.755,446882.545
p001172.jpg,85227.227,446881.800
p001173.jpg,85227.039,446881.017
p001174.jpg,85226.225,446880.734
p001175.jpg,85225.420,446880.907
p001176.jpg,85224.491,446881.338
p001177.jpg,85223.599,446881.636
p001178.jpg,85222.740,446881.685
p001179.jpg,85221.856,446881.598
p001180.jpg,85220.968,446881.300
p001181.jpg,85220.052,446880.548
p001182.jpg,85219.219,446879.644
p001183.jpg,85218.491,446878.720
p001184.jpg,85217.722,446877.805
p001185.jpg,85216.984,446876.863
p001186.jpg,85216.268,446875.796
p001187.jpg,85215.446,446874.807
p001188.jpg,85214.620,446873.755
p001189.jpg,85213.738,446872.710
p001190.jpg,85212.870,446871.692
p001191.jpg,85211.995,446870.735
p001192.jpg,85211.192,446869.745
p001193.jpg,85210.355,446868.725
p001194.jpg,85209.478,446867.696
p001195.jpg,85208.623,446866.702
p001196.jpg,85207.718,446865.713
p001197.jpg,85206.909,446864.750
p001198.jpg,85206.101,446863.779
p001199.jpg,85205.261,446862.702
p001200.jpg,85204.419,446861.740
p001201.jpg,85203.545,446860.789
p001202.jpg,85202.696,446859.818
p001203.jpg,85201.846,446858.872
p001204.jpg,85201.019,446857.887
p001205.jpg,85200.238,446856.925
p001206.jpg,85199.339,446855.983
p001207.jpg,85198.390,446855.134
p001208.jpg,85197.445,446854.364
p001209.jpg,85196.553,446854.207
p001210.jpg,85195.682,446854.647
p001211.jpg,85194.855,446855.487
p001212.jpg,85194.062,446856.295
p001213.jpg,85193.243,446857.094
p001214.jpg,85192.291,446857.708
p001215.jpg,85191.248,446857.822
p001216.jpg,85190.329,446857.470
p001217.jpg,85189.488,446857.281
p001218.jpg,85189.104,446857.789
p001219.jpg,85189.562,446858.521
p001220.jpg,85190.182,446859.294
p001221.jpg,85190.768,446859.333
p001222.jpg,85191.063,446858.671
p001223.jpg,85191.776,446857.914
p001224.jpg,85192.424,446857.054
p001225.jpg,85193.031,446856.060
p001226.jpg,85193.857,446855.024
p001227.jpg,85194.985,446854.275
p001228.jpg,85196.125,446854.081
p001229.jpg,85197.272,446854.416
p001230.jpg,85198.379,446854.963
p001231.jpg,85199.258,446855.766
p001232.jpg,85199.849,446856.751
p001233.jpg,85200.075,446857.879
p001234.jpg,85199.760,446858.945
p001235.jpg,85199.048,446859.874
p001236.jpg,85198.022,446860.503
p001237.jpg,85196.817,446860.718
p001238.jpg,85195.627,446860.877
p001239.jpg,85194.554,446861.161
p001240.jpg,85193.631,446861.675
p001241.jpg,85193.470,446862.147
p001242.jpg,85194.200,446861.751
p001243.jpg,85195.227,446861.247
p001244.jpg,85196.399,446860.902
p001245.jpg,85197.553,446860.517
p001246.jpg,85198.555,446859.946
p001247.jpg,85199.459,446859.198
p001248.jpg,85200.325,446858.559
p001249.jpg,85201.305,446858.631
p001250.jpg,85202.277,446859.225
p001251.jpg,85203.190,446860.164
p001252.jpg,85204.009,446861.141
p001253.jpg,85204.870,446862.089
p001254.jpg,85205.698,446863.043
p001255.jpg,85206.573,446864.042
p001256.jpg,85207.374,446865.059
p001257.jpg,85208.131,446866.060
p001258.jpg,85208.987,446867.124
p001259.jpg,85209.781,446868.062
p001260.jpg,85210.608,446869.036
p001261.jpg,85211.479,446870.061
p001262.jpg,85212.257,446871.002
p001263.jpg,85213.070,446872.015
p001264.jpg,85213.876,446873.010
p001265.jpg,85214.669,446873.956
p001266.jpg,85215.478,446874.901
p001267.jpg,85216.313,446875.799
p001268.jpg,85217.201,446876.826
p001269.jpg,85217.952,446877.820
p001270.jpg,85218.732,446878.819
p001271.jpg,85219.613,446879.840
p001272.jpg,85220.447,446880.837
p001273.jpg,85221.262,446881.802
p001274.jpg,85222.028,446882.797
p001275.jpg,85222.618,446883.690
p001276.jpg,85223.321,446884.569
p001277.jpg,85224.153,446885.444
p001278.jpg,85225.016,446886.339
p001279.jpg,85225.835,446887.353
p001280.jpg,85226.839,446888.579
p001281.jpg,85227.758,446889.780
p001282.jpg,85228.583,446890.987
p001283.jpg,85229.625,446892.114
p001284.jpg,85230.669,446893.273
p001285.jpg,85231.638,446894.452
p001286.jpg,85232.654,446895.627
p001287.jpg,85233.666,446896.853
p001288.jpg,85234.641,446897.913
p001289.jpg,85235.614,446898.999
p001290.jpg,85236.627,446900.139
p001291.jpg,85237.612,446901.281
p001292.jpg,85238.526,446902.396
p001293.jpg,85239.566,446903.487
p001294.jpg,85240.611,446904.515
p001295.jpg,85241.706,446905.600
p001296.jpg,85242.666,446906.675
p001297.jpg,85243.372,446907.958
p001298.jpg,85244.023,446909.148
p001299.jpg,85244.776,446910.307
p001300.jpg,85245.584,446911.455
p001301.jpg,85246.226,446912.554
p001302.jpg,85246.538,446913.696
p001303.jpg,85246.169,446914.738
p001304.jpg,85245.291,446915.597
p001305.jpg,85244.247,446916.469
p001306.jpg,85243.260,446917.361
p001307.jpg,85242.299,446918.246
p001308.jpg,85241.303,446919.214
p001309.jpg,85240.296,446920.076
p001310.jpg,85239.268,446920.975
p001311.jpg,85238.242,446921.867
p001312.jpg,85237.236,446922.726
p001313.jpg,85236.304,446923.582
p001314.jpg,85235.382,446924.447
p001315.jpg,85234.415,446925.418
p001316.jpg,85233.510,446926.345
p001317.jpg,85232.646,446927.346
p001318.jpg,85231.842,446928.327
p001319.jpg,85231.079,446929.313
p001320.jpg,85230.290,446930.380
p001321.jpg,85229.533,446931.378
p001322.jpg,85228.777,446932.388
p001323.jpg,85227.930,446933.291
p001324.jpg,85226.849,446933.646
p001325.jpg,85225.964,446933.041
p001326.jpg,85225.129,446932.105
p001327.jpg,85224.262,446931.203
p001328.jpg,85223.391,446930.271
p001329.jpg,85222.558,446929.175
p001330.jpg,85221.685,446928.125
p001331.jpg,85220.893,446927.040
p001332.jpg,85220.131,446925.921
p001333.jpg,85219.288,446924.832
p001334.jpg,85218.502,446923.801
p001335.jpg,85217.707,446922.811
p001336.jpg,85217.085,446921.725
p001337.jpg,85217.003,446920.715
p001338.jpg,85217.337,446919.895
p001339.jpg,85217.957,446919.212
p001340.jpg,85218.455,446918.767
p001341.jpg,85218.920,446918.284
p001342.jpg,85219.656,446917.548
p001343.jpg,85220.499,446916.820
p001344.jpg,85221.591,446916.441
p001345.jpg,85222.584,446916.572
p001346.jpg,85223.404,446917.329
p001347.jpg,85224.051,446918.180
p001348.jpg,85224.913,446919.082
p001349.jpg,85225.706,446919.894
p001350.jpg,85226.652,446920.705
p001351.jpg,85227.576,446921.485
p001352.jpg,85228.654,446922.106
p001353.jpg,85229.809,446922.219
p001354.jpg,85231.009,446922.035
p001355.jpg,85232.131,446921.563
p001356.jpg,85233.196,446920.883
p001357.jpg,85234.177,446920.125
p001358.jpg,85235.112,446919.296
p001359.jpg,85236.055,446918.670
p001360.jpg,85236.150,446919.063
p001361.jpg,85235.139,446919.686
p001362.jpg,85234.180,446920.340
p001363.jpg,85233.066,446921.070
p001364.jpg,85231.955,446921.658
p001365.jpg,85230.840,446922.149
p001366.jpg,85229.686,446921.987
p001367.jpg,85228.657,446921.309
p001368.jpg,85227.876,446920.263
p001369.jpg,85227.231,446919.095
p001370.jpg,85226.562,446918.087
p001371.jpg,85225.883,446917.104
p001372.jpg,85225.724,446915.930
p001373.jpg,85226.448,446915.043
p001374.jpg,85227.447,446914.328
p001375.jpg,85228.461,446913.712
p001376.jpg,85229.444,446913.060
p001377.jpg,85230.314,446912.370
p001378.jpg,85230.872,446911.657
p001379.jpg,85230.749,446911.078
p001380.jpg,85230.102,446911.215
p001381.jpg,85229.379,446911.820
p001382.jpg,85228.423,446912.678
p001383.jpg,85227.477,446913.494
p001384.jpg,85226.511,446914.288
p001385.jpg,85225.494,446915.088
p001386.jpg,85224.491,446915.774
p001387.jpg,85223.458,446916.313
p001388.jpg,85222.400,446916.650
p001389.jpg,85221.400,446916.679
p001390.jpg,85220.514,446916.377
p001391.jpg,85219.944,446915.565
p001392.jpg,85219.563,446914.493
p001393.jpg,85219.161,446913.499
p001394.jpg,85218.667,446912.537
p001395.jpg,85218.003,446911.540
p001396.jpg,85217.226,446910.654
p001397.jpg,85216.415,446909.841
p001398.jpg,85215.527,446909.069
p001399.jpg,85214.776,446908.283
p001400.jpg,85214.252,446907.373
p001401.jpg,85213.721,446906.529
p001402.jpg,85213.104,446905.740
p001403.jpg,85212.468,446905.017
p001404.jpg,85212.462,446905.196
p001405.jpg,85213.149,446905.621
p001406.jpg,85213.787,446906.212
p001407.jpg,85214.405,446907.123
p001408.jpg,85214.938,446908.035
p001409.jpg,85215.602,446908.888
p001410.jpg,85216.456,446909.664
p001411.jpg,85217.293,446910.560
p001412.jpg,85218.118,446911.522
p001413.jpg,85218.799,446912.480
p001414.jpg,85219.316,446913.587
p001415.jpg,85219.539,446914.828
p001416.jpg,85219.552,446916.097
p001417.jpg,85219.296,446917.434
p001418.jpg,85218.748,446918.557
p001419.jpg,85218.254,446919.144
p001420.jpg,85217.800,446919.552
p001421.jpg,85217.239,446920.073
p001422.jpg,85216.225,446920.352
p001423.jpg,85215.194,446919.849
p001424.jpg,85214.357,446919.040
p001425.jpg,85213.661,446918.213
p001426.jpg,85212.966,446917.337
p001427.jpg,85212.134,446916.581
p001428.jpg,85211.492,446915.722
p001429.jpg,85210.815,446914.826
p001430.jpg,85210.087,446914.005
p001431.jpg,85209.317,446913.097
p001432.jpg,85208.587,446912.227
p001433.jpg,85207.886,446911.406
p001434.jpg,85207.091,446910.585
p001435.jpg,85206.351,446909.694
p001436.jpg,85205.568,446908.770
p001437.jpg,85204.761,446907.884
p001438.jpg,85203.989,446907.025
p001439.jpg,85203.192,446906.142
p001440.jpg,85202.456,446905.160
p001441.jpg,85202.200,446904.095
p001442.jpg,85202.342,446903.103
p001443.jpg,85202.990,446902.219
p001444.jpg,85203.854,446901.325
p001445.jpg,85204.754,446900.464
p001446.jpg,85205.698,446899.632
p001447.jpg,85206.753,446898.824
p001448.jpg,85207.760,446898.065
p001449.jpg,85208.708,446897.176
p001450.jpg,85209.687,446896.299
p001451.jpg,85210.741,446895.515
p001452.jpg,85211.750,446894.703
p001453.jpg,85212.669,446893.924
p001454.jpg,85213.718,446893.114
p001455.jpg,85214.737,446892.371
p001456.jpg,85215.723,446891.659
p001457.jpg,85216.633,446890.901
p001458.jpg,85217.350,446890.005
p001459.jpg,85217.288,446889.081
p001460.jpg,85216.651,446888.171
p001461.jpg,85215.879,446887.153
p001462.jpg,85215.095,446886.156
p001463.jpg,85214.331,446885.228
p001464.jpg,85213.586,446884.404
p001465.jpg,85213.256,446884.407
p001466.jpg,85213.940,446884.754
p001467.jpg,85214.738,446885.633
p001468.jpg,85215.510,446886.527
p001469.jpg,85216.357,446887.466
p001470.jpg,85217.086,446888.311
p001471.jpg,85217.845,446888.914
p001472.jpg,85218.761,446888.612
p001473.jpg,85219.756,446887.932
p001474.jpg,85220.655,446887.282
p001475.jpg,85221.440,446886.696
p001476.jpg,85222.291,446886.217
p001477.jpg,85223.285,446885.846
p001478.jpg,85224.078,446885.017
p001479.jpg,85224.836,446884.189
p001480.jpg,85225.614,446883.380
p001481.jpg,85225.855,446882.507
p001482.jpg,85225.423,446881.769
p001483.jpg,85224.506,446881.482
p001484.jpg,85223.526,446881.662
p001485.jpg,85222.912,446882.362
p001486.jpg,85223.033,446883.336
p001487.jpg,85223.482,446884.313
p001488.jpg,85223.641,446885.175
p001489.jpg,85223.273,446885.870
p001490.jpg,85222.225,446886.311
p001491.jpg,85221.168,446886.953
p001492.jpg,85220.153,446887.742
p001493.jpg,85219.147,446888.550
p001494.jpg,85218.174,446889.379
p001495.jpg,85217.197,446890.197
p001496.jpg,85216.185,446891.033
p001497.jpg,85215.203,446891.870
p001498.jpg,85214.255,446892.661
p001499.jpg,85213.287,446893.531
p001500.jpg,85212.277,446894.380
p001501.jpg,85211.287,446895.160
p001502.jpg,85210.280,446895.957
p001503.jpg,85209.296,446896.788
p001504.jpg,85208.250,446897.708
p001505.jpg,85207.257,446898.537
p001506.jpg,85206.262,446899.343
p001507.jpg,85205.272,446900.220
p001508.jpg,85204.260,446901.103
p001509.jpg,85203.272,446901.895
p001510.jpg,85202.518,446902.722
p001511.jpg,85202.307,446903.793
p001512.jpg,85202.734,446904.896
p001513.jpg,85203.427,446905.975
p001514.jpg,85204.234,446906.991
p001515.jpg,85205.124,446907.960
p001516.jpg,85206.029,446908.936
p001517.jpg,85206.849,446909.915
p001518.jpg,85207.694,446910.930
p001519.jpg,85208.565,446911.912
p001520.jpg,85209.449,446912.906
p001521.jpg,85210.325,446913.913
p001522.jpg,85211.214,446914.950
p001523.jpg,85212.104,446915.893
p001524.jpg,85212.986,446916.883
p001525.jpg,85213.848,446917.869
p001526.jpg,85214.728,446918.910
p001527.jpg,85215.624,446919.969
p001528.jpg,85216.483,446920.974
p001529.jpg,85217.313,446922.112
p001530.jpg,85218.107,446923.138
p001531.jpg,85218.919,446924.146
p001532.jpg,85219.718,446925.173
p001533.jpg,85220.549,446926.287
p001534.jpg,85221.386,446927.347
p001535.jpg,85222.283,446928.309
p001536.jpg,85223.239,446929.323
p001537.jpg,85224.178,446930.218
p001538.jpg,85225.054,446931.206
p001539.jpg,85225.970,446932.158
p001540.jpg,85226.883,446933.164
p001541.jpg,85227.651,446934.200
p001542.jpg,85228.481,446935.182
p001543.jpg,85229.360,446936.204
p001544.jpg,85230.272,446937.138
p001545.jpg,85231.100,446938.110
p001546.jpg,85231.913,446939.167
p001547.jpg,85232.725,446940.197
p001548.jpg,85233.547,446941.203
p001549.jpg,85234.394,446942.120
p001550.jpg,85235.355,446943.113
p001551.jpg,85236.330,446944.128
p001552.jpg,85237.266,446945.196
p001553.jpg,85238.067,446946.316
p001554.jpg,85238.827,446947.518
p001555.jpg,85239.582,446948.594
p001556.jpg,85240.437,446949.589
p001557.jpg,85241.353,446950.648
p001558.jpg,85242.082,446951.697
p001559.jpg,85242.830,446952.774
p001560.jpg,85243.702,446953.798
p001561.jpg,85244.590,446954.833
p001562.jpg,85245.479,446955.801
p001563.jpg,85246.429,446956.917
p001564.jpg,85247.299,446957.902
p001565.jpg,85248.141,446958.917
p001566.jpg,85249.035,446960.025
p001567.jpg,85249.838,446961.051
p001568.jpg,85250.693,446962.108
p001569.jpg,85251.573,446963.103
p001570.jpg,85252.502,446964.002
p001571.jpg,85253.566,446964.626
p001572.jpg,85254.744,446965.105
p001573.jpg,85255.730,446965.696
p001574.jpg,85256.393,446966.623
p001575.jpg,85256.810,446967.791
p001576.jpg,85257.207,446968.888
p001577.jpg,85257.409,446970.019
p001578.jpg,85257.497,446971.152
p001579.jpg,85257.883,446972.214
p001580.jpg,85258.562,446973.155
p001581.jpg,85259.425,446973.980
p001582.jpg,85260.174,446974.687
p001583.jpg,85260.745,446975.383
p001584.jpg,85172.626,446806.585
p001585.jpg,85171.963,446805.978
p001586.jpg,85171.363,446805.156
p001587.jpg,85170.709,446804.501
p001588.jpg,85169.894,446803.939
p001589.jpg,85169.140,446803.291
p001590.jpg,85168.486,446802.501
p001591.jpg,85167.927,446801.802
p001592.jpg,85167.595,446801.245
p001593.jpg,85167.838,446801.277
p001594.jpg,85168.256,446802.186
p001595.jpg,85168.920,446802.964
p001596.jpg,85169.678,446803.670
p001597.jpg,85170.568,446804.313
p001598.jpg,85171.412,446804.998
p001599.jpg,85171.850,446805.927
p001600.jpg,85171.567,446806.973
p001601.jpg,85170.909,446807.796
p001602.jpg,85170.056,446808.566
p001603.jpg,85169.213,446809.394
p001604.jpg,85168.283,446810.059
p001605.jpg,85167.220,446810.494
p001606.jpg,85166.216,446810.269
p001607.jpg,85165.417,446809.509
p001608.jpg,85164.650,446808.536
p001609.jpg,85163.960,446807.649
p001610.jpg,85163.267,446806.787
p001611.jpg,85162.556,446806.112
p001612.jpg,85162.060,446806.295
p001613.jpg,85162.602,446806.807
p001614.jpg,85163.287,446807.578
p001615.jpg,85164.065,446808.500
p001616.jpg,85164.858,446809.338
p001617.jpg,85165.622,446810.143
p001618.jpg,85166.281,446811.089
p001619.jpg,85166.283,446812.022
p001620.jpg,85165.858,446812.797
p001621.jpg,85165.240,446813.328
p001622.jpg,85164.706,446813.434
p001623.jpg,85163.830,446813.470
p001624.jpg,85162.751,446813.183
p001625.jpg,85161.871,446812.401
p001626.jpg,85161.231,446811.456
p001627.jpg,85160.642,446810.419
p001628.jpg,85159.999,446809.469
p001629.jpg,85159.306,446808.533
p001630.jpg,85158.606,446807.745
p001631.jpg,85157.874,446807.104
p001632.jpg,85157.289,446806.458
p001633.jpg,85156.868,446805.643
p001634.jpg,85156.558,446804.679
p001635.jpg,85156.126,446803.771
p001636.jpg,85155.545,446802.815
p001637.jpg,85155.050,446801.726
p001638.jpg,85154.786,446800.636
p001639.jpg,85154.913,446799.533
p001640.jpg,85155.340,446798.516
p001641.jpg,85155.936,446797.560
p001642.jpg,85156.633,446796.745
p001643.jpg,85157.401,446795.977
p001644.jpg,85158.011,446795.506
p001645.jpg,85157.891,446795.999
p001646.jpg,85158.198,446796.719
p001647.jpg,85158.773,446797.574
p001648.jpg,85159.456,446798.387
p001649.jpg,85160.141,446799.155
p001650.jpg,85160.510,446800.022
p001651.jpg,85160.184,446800.869
p001652.jpg,85159.465,446801.614
p001653.jpg,85158.632,446802.296
p001654.jpg,85157.789,446802.984
p001655.jpg,85157.114,446803.650
p001656.jpg,85157.312,446803.940
p001657.jpg,85157.581,446803.633
p001658.jpg,85158.342,446803.140
p001659.jpg,85159.132,446802.486
p001660.jpg,85160.016,446801.800
p001661.jpg,85160.795,446801.159
p001662.jpg,85161.269,446800.495
p001663.jpg,85160.836,446799.994
p001664.jpg,85160.139,446799.253
p001665.jpg,85159.414,446798.438
p001666.jpg,85158.755,446797.633
p001667.jpg,85158.067,446796.898
p001668.jpg,85157.330,446796.544
p001669.jpg,85156.784,446796.886
p001670.jpg,85156.004,446797.467
p001671.jpg,85155.231,446798.206
p001672.jpg,85154.511,446798.871
p001673.jpg,85154.257,446799.633
p001674.jpg,85154.414,446800.586
p001675.jpg,85154.916,446801.629
p001676.jpg,85155.442,446802.613
p001677.jpg,85155.978,446803.610
p001678.jpg,85156.488,446804.660
p001679.jpg,85156.959,446805.752
p001680.jpg,85157.547,446806.674
p001681.jpg,85158.399,446807.385
p001682.jpg,85159.187,446808.285
p001683.jpg,85159.812,446809.308
p001684.jpg,85160.444,446810.330
p001685.jpg,85161.174,446811.319
p001686.jpg,85161.945,446812.258
p001687.jpg,85162.778,446813.185
p001688.jpg,85163.731,446814.074
p001689.jpg,85164.560,446814.940
p001690.jpg,85165.262,446815.837
p001691.jpg,85166.052,446816.740
p001692.jpg,85166.856,446817.572
p001693.jpg,85167.675,446818.492
p001694.jpg,85168.429,446819.406
p001695.jpg,85169.178,446820.338
p001696.jpg,85169.981,446821.251
p001697.jpg,85170.680,446821.571
p001698.jpg,85171.276,446820.895
p001699.jpg,85172.175,446819.980
p001700.jpg,85173.107,446819.092
p001701.jpg,85174.069,446818.232
p001702.jpg,85174.971,446817.406
p001703.jpg,85175.833,446816.575
p001704.jpg,85176.807,446815.705
p001705.jpg,85177.719,446814.928
p001706.jpg,85178.600,446814.206
p001707.jpg,85179.399,446813.518
p001708.jpg,85179.611,446812.890
p001709.jpg,85179.222,446813.207
p001710.jpg,85178.452,446813.820
p001711.jpg,85177.554,446814.552
p001712.jpg,85176.657,446815.352
p001713.jpg,85175.652,446816.180
p001714.jpg,85174.747,446816.952
p001715.jpg,85173.852,446817.782
p001716.jpg,85172.955,446818.577
p001717.jpg,85172.024,446819.367
p001718.jpg,85171.185,446820.110
p001719.jpg,85170.486,446820.850
p001720.jpg,85170.570,446821.767
p001721.jpg,85171.124,446822.624
p001722.jpg,85171.751,446823.627
p001723.jpg,85172.478,446824.657
p001724.jpg,85173.339,446825.579
p001725.jpg,85174.270,446826.504
p001726.jpg,85175.131,446827.488
p001727.jpg,85175.999,446828.478
p001728.jpg,85176.828,446829.321
p001729.jpg,85177.601,446830.166
p001730.jpg,85178.422,446831.082
p001731.jpg,85179.191,446831.961
p001732.jpg,85179.928,446832.814
p001733.jpg,85180.778,446833.744
p001734.jpg,85181.549,446834.657
p001735.jpg,85182.325,446835.601
p001736.jpg,85183.145,446836.507
p001737.jpg,85183.890,446837.417
p001738.jpg,85184.652,446838.330
p001739.jpg,85185.431,446839.288
p001740.jpg,85186.180,446840.183
p001741.jpg,85186.965,446841.100
p001742.jpg,85187.738,446842.082
p001743.jpg,85188.474,446842.970
p001744.jpg,85189.171,446843.874
p001745.jpg,85189.905,446844.808
p001746.jpg,85190.618,446845.663
p001747.jpg,85191.362,446846.437
p001748.jpg,85192.148,446847.193
p001749.jpg,85192.626,446847.828
p001750.jpg,85192.392,446847.845
p001751.jpg,85192.077,446847.795
p001752.jpg,85191.798,446847.947
p001753.jpg,85192.064,446848.148
p001754.jpg,85193.052,446848.526
p001755.jpg,85193.978,446849.083
p001756.jpg,85194.822,446849.789
p001757.jpg,85195.378,446850.706
p001758.jpg,85195.589,446851.754
p001759.jpg,85195.385,446852.936
p001760.jpg,85194.936,446854.110
p001761.jpg,85194.266,446855.235
p001762.jpg,85193.594,446856.163
p001763.jpg,85192.918,446857.059
p001764.jpg,85192.179,446857.739
p001765.jpg,85191.255,446858.138
p001766.jpg,85190.467,446857.974
p001767.jpg,85189.707,446857.338
p001768.jpg,85189.076,446856.810
p001769.jpg,85188.914,446857.156
p001770.jpg,85189.389,446857.929
p001771.jpg,85189.875,446858.806
p001772.jpg,85190.587,446859.575
p001773.jpg,85191.254,446860.161
p001774.jpg,85191.312,446860.020
p001775.jpg,85190.842,446859.437
p001776.jpg,85191.093,446858.517
p001777.jpg,85191.768,446857.878
p001778.jpg,85192.618,446857.275
p001779.jpg,85193.458,446856.499
p001780.jpg,85194.253,446855.556
p001781.jpg,85194.868,446854.644
p001782.jpg,85195.487,446853.655
p001783.jpg,85195.697,446852.554
p001784.jpg,85195.440,446851.526
p001785.jpg,85194.885,446850.501
p001786.jpg,85194.129,446849.498
p001787.jpg,85193.318,446848.600
p001788.jpg,85192.494,446847.705
p001789.jpg,85191.728,446846.826
p001790.jpg,85190.883,446845.872
p001791.jpg,85190.070,446844.913
p001792.jpg,85189.282,446843.927
p001793.jpg,85188.427,446842.950
p001794.jpg,85187.634,446842.016
p001795.jpg,85186.820,446841.032
p001796.jpg,85186.068,446840.081
p001797.jpg,85185.294,446839.206
p001798.jpg,85184.493,446838.287
p001799.jpg,85183.686,446837.388
p001800.jpg,85182.874,446836.448
p001801.jpg,85182.055,446835.558
p001802.jpg,85181.180,446834.605
p001803.jpg,85180.416,446833.674
p001804.jpg,85179.630,446832.653
p001805.jpg,85178.837,446831.745
p001806.jpg,85178.021,446830.846
p001807.jpg,85177.232,446829.930
p001808.jpg,85176.322,446828.980
p001809.jpg,85175.448,446828.055
p001810.jpg,85174.599,446827.078
p001811.jpg,85173.790,446826.042
p001812.jpg,85172.986,446825.029
p001813.jpg,85172.193,446824.042
p001814.jpg,85171.367,446823.015
p001815.jpg,85170.478,446821.948
p001816.jpg,85169.736,446820.952
p001817.jpg,85168.928,446820.015
p001818.jpg,85168.090,446819.041
p001819.jpg,85167.329,446818.166
p001820.jpg,85166.460,446817.364
p001821.jpg,85165.666,446816.483
p001822.jpg,85164.949,446815.599
p001823.jpg,85164.272,446814.687
p001824.jpg,85164.262,446813.834
p001825.jpg,85164.793,446813.438
p001826.jpg,85165.568,446813.062
p001827.jpg,85166.362,446812.332
p001828.jpg,85167.219,446811.468
p001829.jpg,85168.114,446810.633
p001830.jpg,85169.038,446809.786
p001831.jpg,85169.908,446808.995
p001832.jpg,85170.771,446808.231
p001833.jpg,85171.706,446807.590
